"","Gen","Pair","Release","Action"
"1",2,1,1,69
"2",2,1,1,68
"3",2,1,1,59
"4",2,1,1,58
"5",2,1,1,49
"6",2,1,1,48
"7",2,1,1,39
"8",2,1,1,30
"9",2,1,1,21
"10",2,1,1,12
"11",2,1,1,3
"12",2,1,2,69
"13",2,1,2,68
"14",2,1,2,67
"15",2,1,2,58
"16",2,1,2,49
"17",2,1,2,48
"18",2,1,2,39
"19",2,1,2,30
"20",2,1,2,21
"21",2,1,2,12
"22",2,1,2,3
"23",2,1,4,69
"24",2,1,4,68
"25",2,1,4,59
"26",2,1,4,58
"27",2,1,4,49
"28",2,1,4,48
"29",2,1,4,39
"30",2,1,4,30
"31",2,1,4,21
"32",2,1,4,20
"33",2,1,4,11
"34",2,1,4,2
"35",2,1,4,3
"36",2,1,6,69
"37",2,1,6,68
"38",2,1,6,59
"39",2,1,6,58
"40",2,1,6,49
"41",2,1,6,40
"42",2,1,6,39
"43",2,1,6,30
"44",2,1,6,21
"45",2,1,6,12
"46",2,1,6,3
"47",2,1,7,69
"48",2,1,7,68
"49",2,1,7,59
"50",2,1,7,58
"51",2,1,7,49
"52",2,1,7,40
"53",2,1,7,31
"54",2,1,7,22
"55",2,1,7,21
"56",2,1,7,12
"57",2,1,7,3
"58",2,1,9,69
"59",2,1,9,68
"60",2,1,9,67
"61",2,1,9,58
"62",2,1,9,49
"63",2,1,9,40
"64",2,1,9,39
"65",2,1,9,30
"66",2,1,9,31
"67",2,1,9,21
"68",2,1,9,22
"69",2,1,9,12
"70",2,1,9,3
"71",2,1,11,69
"72",2,1,11,68
"73",2,1,11,59
"74",2,1,11,58
"75",2,1,11,49
"76",2,1,11,40
"77",2,1,11,31
"78",2,1,11,32
"79",2,1,11,22
"80",2,1,11,21
"81",2,1,11,12
"82",2,1,11,3
"83",2,1,12,69
"84",2,1,12,68
"85",2,1,12,59
"86",2,1,12,58
"87",2,1,12,49
"88",2,1,12,48
"89",2,1,12,40
"90",2,1,12,39
"91",2,1,12,30
"92",2,1,12,21
"93",2,1,12,12
"94",2,1,12,11
"95",2,1,12,2
"96",2,1,12,3
"97",2,2,1,69
"98",2,2,1,68
"99",2,2,1,59
"100",2,2,1,50
"101",2,2,1,49
"102",2,2,1,40
"103",2,2,1,31
"104",2,2,1,30
"105",2,2,1,21
"106",2,2,1,22
"107",2,2,1,13
"108",2,2,1,12
"109",2,2,1,3
"110",2,2,3,69
"111",2,2,3,68
"112",2,2,3,59
"113",2,2,3,58
"114",2,2,3,49
"115",2,2,3,40
"116",2,2,3,31
"117",2,2,3,22
"118",2,2,3,21
"119",2,2,3,13
"120",2,2,3,12
"121",2,2,3,3
"122",2,2,4,69
"123",2,2,4,68
"124",2,2,4,59
"125",2,2,4,50
"126",2,2,4,49
"127",2,2,4,40
"128",2,2,4,31
"129",2,2,4,22
"130",2,2,4,21
"131",2,2,4,13
"132",2,2,4,4
"133",2,2,4,3
"134",2,2,5,69
"135",2,2,5,68
"136",2,2,5,59
"137",2,2,5,58
"138",2,2,5,49
"139",2,2,5,40
"140",2,2,5,39
"141",2,2,5,30
"142",2,2,5,21
"143",2,2,5,12
"144",2,2,5,11
"145",2,2,5,2
"146",2,2,5,3
"147",2,2,6,69
"148",2,2,6,68
"149",2,2,6,59
"150",2,2,6,58
"151",2,2,6,49
"152",2,2,6,48
"153",2,2,6,39
"154",2,2,6,30
"155",2,2,6,21
"156",2,2,6,12
"157",2,2,6,3
"158",2,2,7,69
"159",2,2,7,68
"160",2,2,7,59
"161",2,2,7,60
"162",2,2,7,50
"163",2,2,7,41
"164",2,2,7,40
"165",2,2,7,31
"166",2,2,7,22
"167",2,2,7,21
"168",2,2,7,12
"169",2,2,7,3
"170",2,2,8,69
"171",2,2,8,68
"172",2,2,8,59
"173",2,2,8,58
"174",2,2,8,49
"175",2,2,8,48
"176",2,2,8,39
"177",2,2,8,30
"178",2,2,8,21
"179",2,2,8,12
"180",2,2,8,3
"181",2,2,9,69
"182",2,2,9,68
"183",2,2,9,59
"184",2,2,9,58
"185",2,2,9,49
"186",2,2,9,48
"187",2,2,9,39
"188",2,2,9,30
"189",2,2,9,21
"190",2,2,9,22
"191",2,2,9,12
"192",2,2,9,3
"193",2,2,10,69
"194",2,2,10,68
"195",2,2,10,59
"196",2,2,10,58
"197",2,2,10,49
"198",2,2,10,40
"199",2,2,10,39
"200",2,2,10,30
"201",2,2,10,31
"202",2,2,10,21
"203",2,2,10,12
"204",2,2,10,3
"205",2,2,11,69
"206",2,2,11,68
"207",2,2,11,59
"208",2,2,11,58
"209",2,2,11,49
"210",2,2,11,48
"211",2,2,11,39
"212",2,2,11,40
"213",2,2,11,30
"214",2,2,11,31
"215",2,2,11,22
"216",2,2,11,21
"217",2,2,11,12
"218",2,2,11,3
"219",2,2,12,69
"220",2,2,12,68
"221",2,2,12,59
"222",2,2,12,58
"223",2,2,12,49
"224",2,2,12,40
"225",2,2,12,39
"226",2,2,12,30
"227",2,2,12,21
"228",2,2,12,22
"229",2,2,12,12
"230",2,2,12,3
"231",2,3,2,69
"232",2,3,2,68
"233",2,3,2,59
"234",2,3,2,50
"235",2,3,2,49
"236",2,3,2,40
"237",2,3,2,41
"238",2,3,2,32
"239",2,3,2,31
"240",2,3,2,22
"241",2,3,2,13
"242",2,3,2,12
"243",2,3,2,3
"244",2,3,3,69
"245",2,3,3,68
"246",2,3,3,59
"247",2,3,3,58
"248",2,3,3,49
"249",2,3,3,50
"250",2,3,3,41
"251",2,3,3,40
"252",2,3,3,31
"253",2,3,3,22
"254",2,3,3,13
"255",2,3,3,12
"256",2,3,3,3
"257",2,3,4,69
"258",2,3,4,68
"259",2,3,4,59
"260",2,3,4,50
"261",2,3,4,49
"262",2,3,4,41
"263",2,3,4,40
"264",2,3,4,32
"265",2,3,4,31
"266",2,3,4,22
"267",2,3,4,13
"268",2,3,4,12
"269",2,3,4,3
"270",2,3,6,69
"271",2,3,6,68
"272",2,3,6,59
"273",2,3,6,58
"274",2,3,6,49
"275",2,3,6,40
"276",2,3,6,41
"277",2,3,6,32
"278",2,3,6,31
"279",2,3,6,22
"280",2,3,6,13
"281",2,3,6,12
"282",2,3,6,3
"283",2,3,7,69
"284",2,3,7,68
"285",2,3,7,59
"286",2,3,7,50
"287",2,3,7,41
"288",2,3,7,32
"289",2,3,7,31
"290",2,3,7,22
"291",2,3,7,21
"292",2,3,7,12
"293",2,3,7,3
"294",2,3,8,69
"295",2,3,8,68
"296",2,3,8,59
"297",2,3,8,50
"298",2,3,8,41
"299",2,3,8,32
"300",2,3,8,31
"301",2,3,8,22
"302",2,3,8,13
"303",2,3,8,12
"304",2,3,8,3
"305",2,3,9,69
"306",2,3,9,59
"307",2,3,9,50
"308",2,3,9,41
"309",2,3,9,32
"310",2,3,9,23
"311",2,3,9,22
"312",2,3,9,13
"313",2,3,9,12
"314",2,3,9,3
"315",2,3,10,69
"316",2,3,10,68
"317",2,3,10,59
"318",2,3,10,50
"319",2,3,10,49
"320",2,3,10,40
"321",2,3,10,41
"322",2,3,10,32
"323",2,3,10,23
"324",2,3,10,22
"325",2,3,10,21
"326",2,3,10,12
"327",2,3,10,3
"328",2,3,12,69
"329",2,3,12,68
"330",2,3,12,59
"331",2,3,12,50
"332",2,3,12,41
"333",2,3,12,32
"334",2,3,12,31
"335",2,3,12,22
"336",2,3,12,21
"337",2,3,12,12
"338",2,3,12,3
"339",2,4,8,69
"340",2,4,8,68
"341",2,4,8,59
"342",2,4,8,50
"343",2,4,8,41
"344",2,4,8,40
"345",2,4,8,32
"346",2,4,8,31
"347",2,4,8,22
"348",2,4,8,13
"349",2,4,8,12
"350",2,4,8,3
"351",2,4,9,69
"352",2,4,9,68
"353",2,4,9,59
"354",2,4,9,50
"355",2,4,9,41
"356",2,4,9,32
"357",2,4,9,23
"358",2,4,9,22
"359",2,4,9,21
"360",2,4,9,12
"361",2,4,9,3
"362",2,4,10,69
"363",2,4,10,68
"364",2,4,10,59
"365",2,4,10,58
"366",2,4,10,49
"367",2,4,10,40
"368",2,4,10,31
"369",2,4,10,30
"370",2,4,10,21
"371",2,4,10,12
"372",2,4,10,3
"373",2,4,11,69
"374",2,4,11,68
"375",2,4,11,59
"376",2,4,11,58
"377",2,4,11,49
"378",2,4,11,40
"379",2,4,11,31
"380",2,4,11,22
"381",2,4,11,21
"382",2,4,11,12
"383",2,4,11,3
"384",2,4,12,69
"385",2,4,12,68
"386",2,4,12,59
"387",2,4,12,50
"388",2,4,12,49
"389",2,4,12,40
"390",2,4,12,41
"391",2,4,12,31
"392",2,4,12,22
"393",2,4,12,21
"394",2,4,12,12
"395",2,4,12,3
"396",2,5,1,69
"397",2,5,1,68
"398",2,5,1,59
"399",2,5,1,50
"400",2,5,1,49
"401",2,5,1,41
"402",2,5,1,40
"403",2,5,1,31
"404",2,5,1,32
"405",2,5,1,23
"406",2,5,1,22
"407",2,5,1,13
"408",2,5,1,4
"409",2,5,1,3
"410",2,5,2,69
"411",2,5,2,68
"412",2,5,2,59
"413",2,5,2,60
"414",2,5,2,50
"415",2,5,2,41
"416",2,5,2,40
"417",2,5,2,31
"418",2,5,2,32
"419",2,5,2,23
"420",2,5,2,22
"421",2,5,2,13
"422",2,5,2,4
"423",2,5,2,3
"424",2,5,5,69
"425",2,5,5,60
"426",2,5,5,59
"427",2,5,5,50
"428",2,5,5,41
"429",2,5,5,40
"430",2,5,5,31
"431",2,5,5,32
"432",2,5,5,23
"433",2,5,5,22
"434",2,5,5,13
"435",2,5,5,4
"436",2,5,5,3
"437",2,5,8,69
"438",2,5,8,68
"439",2,5,8,59
"440",2,5,8,50
"441",2,5,8,41
"442",2,5,8,32
"443",2,5,8,23
"444",2,5,8,22
"445",2,5,8,13
"446",2,5,8,12
"447",2,5,8,3
"448",2,5,9,69
"449",2,5,9,68
"450",2,5,9,59
"451",2,5,9,50
"452",2,5,9,41
"453",2,5,9,32
"454",2,5,9,23
"455",2,5,9,22
"456",2,5,9,13
"457",2,5,9,4
"458",2,5,9,3
"459",2,5,10,69
"460",2,5,10,68
"461",2,5,10,59
"462",2,5,10,50
"463",2,5,10,41
"464",2,5,10,32
"465",2,5,10,23
"466",2,5,10,14
"467",2,5,10,13
"468",2,5,10,4
"469",2,5,10,3
"470",2,5,11,69
"471",2,5,11,68
"472",2,5,11,59
"473",2,5,11,50
"474",2,5,11,41
"475",2,5,11,32
"476",2,5,11,23
"477",2,5,11,22
"478",2,5,11,13
"479",2,5,11,4
"480",2,5,11,3
"481",2,5,12,69
"482",2,5,12,68
"483",2,5,12,59
"484",2,5,12,50
"485",2,5,12,41
"486",2,5,12,32
"487",2,5,12,23
"488",2,5,12,14
"489",2,5,12,13
"490",2,5,12,4
"491",2,5,12,3
"492",2,6,3,69
"493",2,6,3,68
"494",2,6,3,59
"495",2,6,3,60
"496",2,6,3,58
"497",2,6,3,49
"498",2,6,3,40
"499",2,6,3,31
"500",2,6,3,30
"501",2,6,3,21
"502",2,6,3,12
"503",2,6,3,3
"504",2,6,4,69
"505",2,6,4,68
"506",2,6,4,59
"507",2,6,4,50
"508",2,6,4,49
"509",2,6,4,40
"510",2,6,4,41
"511",2,6,4,32
"512",2,6,4,31
"513",2,6,4,22
"514",2,6,4,13
"515",2,6,4,12
"516",2,6,4,3
"517",2,6,5,69
"518",2,6,5,60
"519",2,6,5,59
"520",2,6,5,50
"521",2,6,5,49
"522",2,6,5,40
"523",2,6,5,39
"524",2,6,5,30
"525",2,6,5,21
"526",2,6,5,12
"527",2,6,5,3
"528",2,6,6,69
"529",2,6,6,68
"530",2,6,6,59
"531",2,6,6,50
"532",2,6,6,49
"533",2,6,6,40
"534",2,6,6,39
"535",2,6,6,30
"536",2,6,6,21
"537",2,6,6,12
"538",2,6,6,3
"539",2,6,7,69
"540",2,6,7,68
"541",2,6,7,59
"542",2,6,7,50
"543",2,6,7,41
"544",2,6,7,40
"545",2,6,7,31
"546",2,6,7,22
"547",2,6,7,21
"548",2,6,7,12
"549",2,6,7,13
"550",2,6,7,3
"551",2,6,8,69
"552",2,6,8,68
"553",2,6,8,59
"554",2,6,8,58
"555",2,6,8,49
"556",2,6,8,40
"557",2,6,8,31
"558",2,6,8,22
"559",2,6,8,21
"560",2,6,8,12
"561",2,6,8,3
"562",2,6,9,69
"563",2,6,9,68
"564",2,6,9,59
"565",2,6,9,58
"566",2,6,9,49
"567",2,6,9,40
"568",2,6,9,31
"569",2,6,9,22
"570",2,6,9,21
"571",2,6,9,13
"572",2,6,9,12
"573",2,6,9,3
"574",2,6,10,69
"575",2,6,10,68
"576",2,6,10,59
"577",2,6,10,58
"578",2,6,10,49
"579",2,6,10,48
"580",2,6,10,40
"581",2,6,10,39
"582",2,6,10,31
"583",2,6,10,22
"584",2,6,10,21
"585",2,6,10,12
"586",2,6,10,3
"587",2,6,11,69
"588",2,6,11,68
"589",2,6,11,59
"590",2,6,11,50
"591",2,6,11,49
"592",2,6,11,40
"593",2,6,11,31
"594",2,6,11,22
"595",2,6,11,21
"596",2,6,11,12
"597",2,6,11,3
"598",2,6,12,69
"599",2,6,12,68
"600",2,6,12,59
"601",2,6,12,50
"602",2,6,12,49
"603",2,6,12,40
"604",2,6,12,31
"605",2,6,12,30
"606",2,6,12,21
"607",2,6,12,22
"608",2,6,12,12
"609",2,6,12,3
"610",2,7,3,69
"611",2,7,3,68
"612",2,7,3,60
"613",2,7,3,61
"614",2,7,3,70
"615",2,7,3,52
"616",2,7,3,43
"617",2,7,3,42
"618",2,7,3,33
"619",2,7,3,24
"620",2,7,3,23
"621",2,7,3,14
"622",2,7,3,13
"623",2,7,3,4
"624",2,7,3,3
"625",2,7,4,69
"626",2,7,4,60
"627",2,7,4,61
"628",2,7,4,51
"629",2,7,4,52
"630",2,7,4,43
"631",2,7,4,34
"632",2,7,4,33
"633",2,7,4,24
"634",2,7,4,23
"635",2,7,4,14
"636",2,7,4,13
"637",2,7,4,4
"638",2,7,4,3
"639",2,7,5,69
"640",2,7,5,60
"641",2,7,5,51
"642",2,7,5,52
"643",2,7,5,42
"644",2,7,5,33
"645",2,7,5,32
"646",2,7,5,23
"647",2,7,5,22
"648",2,7,5,13
"649",2,7,5,12
"650",2,7,5,3
"651",2,7,6,69
"652",2,7,6,68
"653",2,7,6,59
"654",2,7,6,58
"655",2,7,6,49
"656",2,7,6,40
"657",2,7,6,39
"658",2,7,6,30
"659",2,7,6,21
"660",2,7,6,12
"661",2,7,6,3
"662",2,7,7,69
"663",2,7,7,60
"664",2,7,7,59
"665",2,7,7,50
"666",2,7,7,41
"667",2,7,7,40
"668",2,7,7,31
"669",2,7,7,22
"670",2,7,7,21
"671",2,7,7,12
"672",2,7,7,3
"673",2,7,8,69
"674",2,7,8,60
"675",2,7,8,59
"676",2,7,8,51
"677",2,7,8,42
"678",2,7,8,41
"679",2,7,8,32
"680",2,7,8,23
"681",2,7,8,22
"682",2,7,8,13
"683",2,7,8,12
"684",2,7,8,3
"685",2,7,9,69
"686",2,7,9,68
"687",2,7,9,59
"688",2,7,9,60
"689",2,7,9,50
"690",2,7,9,41
"691",2,7,9,32
"692",2,7,9,31
"693",2,7,9,22
"694",2,7,9,23
"695",2,7,9,21
"696",2,7,9,12
"697",2,7,9,3
"698",2,7,10,69
"699",2,7,10,60
"700",2,7,10,59
"701",2,7,10,68
"702",2,7,10,50
"703",2,7,10,41
"704",2,7,10,40
"705",2,7,10,31
"706",2,7,10,22
"707",2,7,10,13
"708",2,7,10,12
"709",2,7,10,3
"710",2,7,11,69
"711",2,7,11,60
"712",2,7,11,51
"713",2,7,11,42
"714",2,7,11,41
"715",2,7,11,32
"716",2,7,11,23
"717",2,7,11,22
"718",2,7,11,13
"719",2,7,11,4
"720",2,7,11,3
"721",2,7,12,69
"722",2,7,12,60
"723",2,7,12,51
"724",2,7,12,50
"725",2,7,12,41
"726",2,7,12,40
"727",2,7,12,31
"728",2,7,12,22
"729",2,7,12,21
"730",2,7,12,13
"731",2,7,12,12
"732",2,7,12,3
"733",2,8,3,69
"734",2,8,3,68
"735",2,8,3,59
"736",2,8,3,58
"737",2,8,3,49
"738",2,8,3,40
"739",2,8,3,39
"740",2,8,3,30
"741",2,8,3,21
"742",2,8,3,12
"743",2,8,3,3
"744",2,8,4,69
"745",2,8,4,68
"746",2,8,4,59
"747",2,8,4,50
"748",2,8,4,49
"749",2,8,4,40
"750",2,8,4,31
"751",2,8,4,22
"752",2,8,4,21
"753",2,8,4,12
"754",2,8,4,3
"755",2,8,5,69
"756",2,8,5,68
"757",2,8,5,59
"758",2,8,5,50
"759",2,8,5,49
"760",2,8,5,40
"761",2,8,5,31
"762",2,8,5,32
"763",2,8,5,23
"764",2,8,5,22
"765",2,8,5,13
"766",2,8,5,12
"767",2,8,5,3
"768",2,8,6,69
"769",2,8,6,68
"770",2,8,6,59
"771",2,8,6,50
"772",2,8,6,49
"773",2,8,6,40
"774",2,8,6,31
"775",2,8,6,22
"776",2,8,6,13
"777",2,8,6,12
"778",2,8,6,3
"779",2,8,7,69
"780",2,8,7,68
"781",2,8,7,59
"782",2,8,7,58
"783",2,8,7,49
"784",2,8,7,40
"785",2,8,7,31
"786",2,8,7,22
"787",2,8,7,13
"788",2,8,7,12
"789",2,8,7,3
"790",2,8,8,69
"791",2,8,8,68
"792",2,8,8,59
"793",2,8,8,58
"794",2,8,8,49
"795",2,8,8,40
"796",2,8,8,41
"797",2,8,8,32
"798",2,8,8,23
"799",2,8,8,22
"800",2,8,8,21
"801",2,8,8,12
"802",2,8,8,3
"803",2,8,9,69
"804",2,8,9,68
"805",2,8,9,59
"806",2,8,9,50
"807",2,8,9,49
"808",2,8,9,40
"809",2,8,9,31
"810",2,8,9,22
"811",2,8,9,13
"812",2,8,9,12
"813",2,8,9,3
"814",2,8,10,69
"815",2,8,10,68
"816",2,8,10,59
"817",2,8,10,50
"818",2,8,10,41
"819",2,8,10,32
"820",2,8,10,31
"821",2,8,10,22
"822",2,8,10,21
"823",2,8,10,12
"824",2,8,10,3
"825",2,8,12,69
"826",2,8,12,60
"827",2,8,12,59
"828",2,8,12,50
"829",2,8,12,41
"830",2,8,12,40
"831",2,8,12,31
"832",2,8,12,22
"833",2,8,12,13
"834",2,8,12,12
"835",2,8,12,3
"836",2,9,1,69
"837",2,9,1,68
"838",2,9,1,59
"839",2,9,1,58
"840",2,9,1,49
"841",2,9,1,40
"842",2,9,1,39
"843",2,9,1,30
"844",2,9,1,29
"845",2,9,1,21
"846",2,9,1,12
"847",2,9,1,3
"848",2,9,2,69
"849",2,9,2,68
"850",2,9,2,59
"851",2,9,2,58
"852",2,9,2,49
"853",2,9,2,40
"854",2,9,2,31
"855",2,9,2,22
"856",2,9,2,21
"857",2,9,2,12
"858",2,9,2,3
"859",2,9,3,69
"860",2,9,3,68
"861",2,9,3,59
"862",2,9,3,50
"863",2,9,3,49
"864",2,9,3,40
"865",2,9,3,31
"866",2,9,3,30
"867",2,9,3,21
"868",2,9,3,12
"869",2,9,3,3
"870",2,9,4,69
"871",2,9,4,68
"872",2,9,4,59
"873",2,9,4,58
"874",2,9,4,49
"875",2,9,4,40
"876",2,9,4,31
"877",2,9,4,22
"878",2,9,4,13
"879",2,9,4,12
"880",2,9,4,3
"881",2,9,5,69
"882",2,9,5,68
"883",2,9,5,59
"884",2,9,5,58
"885",2,9,5,49
"886",2,9,5,48
"887",2,9,5,39
"888",2,9,5,30
"889",2,9,5,21
"890",2,9,5,12
"891",2,9,5,3
"892",2,9,6,69
"893",2,9,6,68
"894",2,9,6,59
"895",2,9,6,58
"896",2,9,6,49
"897",2,9,6,40
"898",2,9,6,39
"899",2,9,6,30
"900",2,9,6,21
"901",2,9,6,22
"902",2,9,6,13
"903",2,9,6,12
"904",2,9,6,3
"905",2,9,7,69
"906",2,9,7,68
"907",2,9,7,59
"908",2,9,7,58
"909",2,9,7,49
"910",2,9,7,40
"911",2,9,7,31
"912",2,9,7,22
"913",2,9,7,21
"914",2,9,7,12
"915",2,9,7,3
"916",2,9,8,69
"917",2,9,8,68
"918",2,9,8,59
"919",2,9,8,58
"920",2,9,8,49
"921",2,9,8,48
"922",2,9,8,39
"923",2,9,8,38
"924",2,9,8,29
"925",2,9,8,20
"926",2,9,8,21
"927",2,9,8,12
"928",2,9,8,3
"929",2,9,9,69
"930",2,9,9,68
"931",2,9,9,59
"932",2,9,9,58
"933",2,9,9,49
"934",2,9,9,40
"935",2,9,9,31
"936",2,9,9,30
"937",2,9,9,22
"938",2,9,9,21
"939",2,9,9,12
"940",2,9,9,3
"941",2,9,10,69
"942",2,9,10,68
"943",2,9,10,59
"944",2,9,10,58
"945",2,9,10,49
"946",2,9,10,40
"947",2,9,10,39
"948",2,9,10,30
"949",2,9,10,21
"950",2,9,10,12
"951",2,9,10,3
"952",2,9,11,69
"953",2,9,11,68
"954",2,9,11,59
"955",2,9,11,58
"956",2,9,11,49
"957",2,9,11,48
"958",2,9,11,39
"959",2,9,11,30
"960",2,9,11,21
"961",2,9,11,12
"962",2,9,11,3
"963",2,9,12,69
"964",2,9,12,68
"965",2,9,12,59
"966",2,9,12,58
"967",2,9,12,49
"968",2,9,12,48
"969",2,9,12,39
"970",2,9,12,30
"971",2,9,12,29
"972",2,9,12,20
"973",2,9,12,11
"974",2,9,12,2
"975",2,9,12,3
"976",2,10,1,69
"977",2,10,1,68
"978",2,10,1,60
"979",2,10,1,51
"980",2,10,1,50
"981",2,10,1,41
"982",2,10,1,32
"983",2,10,1,31
"984",2,10,1,22
"985",2,10,1,13
"986",2,10,1,12
"987",2,10,1,3
"988",2,10,2,69
"989",2,10,2,60
"990",2,10,2,59
"991",2,10,2,50
"992",2,10,2,41
"993",2,10,2,40
"994",2,10,2,31
"995",2,10,2,22
"996",2,10,2,13
"997",2,10,2,12
"998",2,10,2,3
"999",2,10,3,69
"1000",2,10,3,68
"1001",2,10,3,59
"1002",2,10,3,50
"1003",2,10,3,41
"1004",2,10,3,40
"1005",2,10,3,31
"1006",2,10,3,22
"1007",2,10,3,13
"1008",2,10,3,12
"1009",2,10,3,3
"1010",2,10,4,69
"1011",2,10,4,60
"1012",2,10,4,59
"1013",2,10,4,51
"1014",2,10,4,50
"1015",2,10,4,41
"1016",2,10,4,32
"1017",2,10,4,23
"1018",2,10,4,22
"1019",2,10,4,13
"1020",2,10,4,12
"1021",2,10,4,3
"1022",2,10,5,69
"1023",2,10,5,60
"1024",2,10,5,59
"1025",2,10,5,50
"1026",2,10,5,41
"1027",2,10,5,40
"1028",2,10,5,31
"1029",2,10,5,22
"1030",2,10,5,21
"1031",2,10,5,12
"1032",2,10,5,3
"1033",2,10,6,69
"1034",2,10,6,68
"1035",2,10,6,59
"1036",2,10,6,60
"1037",2,10,6,50
"1038",2,10,6,49
"1039",2,10,6,40
"1040",2,10,6,41
"1041",2,10,6,31
"1042",2,10,6,22
"1043",2,10,6,21
"1044",2,10,6,12
"1045",2,10,6,3
"1046",2,10,7,69
"1047",2,10,7,60
"1048",2,10,7,59
"1049",2,10,7,50
"1050",2,10,7,41
"1051",2,10,7,32
"1052",2,10,7,31
"1053",2,10,7,22
"1054",2,10,7,13
"1055",2,10,7,12
"1056",2,10,7,3
"1057",2,10,8,69
"1058",2,10,8,68
"1059",2,10,8,59
"1060",2,10,8,50
"1061",2,10,8,41
"1062",2,10,8,32
"1063",2,10,8,31
"1064",2,10,8,22
"1065",2,10,8,13
"1066",2,10,8,12
"1067",2,10,8,3
"1068",2,10,9,69
"1069",2,10,9,68
"1070",2,10,9,59
"1071",2,10,9,60
"1072",2,10,9,50
"1073",2,10,9,51
"1074",2,10,9,41
"1075",2,10,9,32
"1076",2,10,9,23
"1077",2,10,9,22
"1078",2,10,9,13
"1079",2,10,9,12
"1080",2,10,9,3
"1081",2,10,10,69
"1082",2,10,10,60
"1083",2,10,10,51
"1084",2,10,10,52
"1085",2,10,10,43
"1086",2,10,10,34
"1087",2,10,10,33
"1088",2,10,10,24
"1089",2,10,10,15
"1090",2,10,10,14
"1091",2,10,10,5
"1092",2,10,10,4
"1093",2,10,10,3
"1094",2,10,11,69
"1095",2,10,11,60
"1096",2,10,11,59
"1097",2,10,11,51
"1098",2,10,11,50
"1099",2,10,11,41
"1100",2,10,11,32
"1101",2,10,11,23
"1102",2,10,11,22
"1103",2,10,11,13
"1104",2,10,11,12
"1105",2,10,11,3
"1106",2,10,12,69
"1107",2,10,12,60
"1108",2,10,12,51
"1109",2,10,12,42
"1110",2,10,12,33
"1111",2,10,12,32
"1112",2,10,12,23
"1113",2,10,12,22
"1114",2,10,12,13
"1115",2,10,12,4
"1116",2,10,12,3
"1117",3,11,1,69
"1118",3,11,1,68
"1119",3,11,1,59
"1120",3,11,1,50
"1121",3,11,1,49
"1122",3,11,1,40
"1123",3,11,1,31
"1124",3,11,1,30
"1125",3,11,1,21
"1126",3,11,1,22
"1127",3,11,1,12
"1128",3,11,1,3
"1129",3,11,3,69
"1130",3,11,3,68
"1131",3,11,3,59
"1132",3,11,3,58
"1133",3,11,3,49
"1134",3,11,3,40
"1135",3,11,3,31
"1136",3,11,3,22
"1137",3,11,3,21
"1138",3,11,3,12
"1139",3,11,3,3
"1140",3,11,5,69
"1141",3,11,5,68
"1142",3,11,5,59
"1143",3,11,5,58
"1144",3,11,5,49
"1145",3,11,5,40
"1146",3,11,5,31
"1147",3,11,5,22
"1148",3,11,5,13
"1149",3,11,5,12
"1150",3,11,5,3
"1151",3,11,6,69
"1152",3,11,6,68
"1153",3,11,6,59
"1154",3,11,6,58
"1155",3,11,6,49
"1156",3,11,6,40
"1157",3,11,6,31
"1158",3,11,6,22
"1159",3,11,6,21
"1160",3,11,6,13
"1161",3,11,6,12
"1162",3,11,6,3
"1163",3,11,7,69
"1164",3,11,7,68
"1165",3,11,7,67
"1166",3,11,7,58
"1167",3,11,7,49
"1168",3,11,7,48
"1169",3,11,7,39
"1170",3,11,7,40
"1171",3,11,7,31
"1172",3,11,7,30
"1173",3,11,7,21
"1174",3,11,7,22
"1175",3,11,7,13
"1176",3,11,7,12
"1177",3,11,7,3
"1178",3,11,8,69
"1179",3,11,8,68
"1180",3,11,8,59
"1181",3,11,8,50
"1182",3,11,8,49
"1183",3,11,8,48
"1184",3,11,8,39
"1185",3,11,8,30
"1186",3,11,8,31
"1187",3,11,8,21
"1188",3,11,8,22
"1189",3,11,8,12
"1190",3,11,8,3
"1191",3,11,9,69
"1192",3,11,9,68
"1193",3,11,9,59
"1194",3,11,9,58
"1195",3,11,9,49
"1196",3,11,9,40
"1197",3,11,9,31
"1198",3,11,9,30
"1199",3,11,9,21
"1200",3,11,9,12
"1201",3,11,9,3
"1202",3,11,10,69
"1203",3,11,10,68
"1204",3,11,10,59
"1205",3,11,10,58
"1206",3,11,10,49
"1207",3,11,10,40
"1208",3,11,10,31
"1209",3,11,10,30
"1210",3,11,10,22
"1211",3,11,10,21
"1212",3,11,10,12
"1213",3,11,10,3
"1214",3,11,11,69
"1215",3,11,11,68
"1216",3,11,11,59
"1217",3,11,11,58
"1218",3,11,11,49
"1219",3,11,11,40
"1220",3,11,11,31
"1221",3,11,11,30
"1222",3,11,11,21
"1223",3,11,11,22
"1224",3,11,11,12
"1225",3,11,11,3
"1226",3,11,12,69
"1227",3,11,12,68
"1228",3,11,12,59
"1229",3,11,12,50
"1230",3,11,12,49
"1231",3,11,12,40
"1232",3,11,12,31
"1233",3,11,12,22
"1234",3,11,12,13
"1235",3,11,12,12
"1236",3,11,12,3
"1237",3,12,1,69
"1238",3,12,1,68
"1239",3,12,1,59
"1240",3,12,1,50
"1241",3,12,1,49
"1242",3,12,1,40
"1243",3,12,1,39
"1244",3,12,1,30
"1245",3,12,1,31
"1246",3,12,1,22
"1247",3,12,1,21
"1248",3,12,1,12
"1249",3,12,1,3
"1250",3,12,2,69
"1251",3,12,2,68
"1252",3,12,2,59
"1253",3,12,2,50
"1254",3,12,2,49
"1255",3,12,2,40
"1256",3,12,2,31
"1257",3,12,2,22
"1258",3,12,2,13
"1259",3,12,2,12
"1260",3,12,2,3
"1261",3,12,3,69
"1262",3,12,3,68
"1263",3,12,3,59
"1264",3,12,3,58
"1265",3,12,3,49
"1266",3,12,3,40
"1267",3,12,3,31
"1268",3,12,3,22
"1269",3,12,3,21
"1270",3,12,3,12
"1271",3,12,3,3
"1272",3,12,4,69
"1273",3,12,4,68
"1274",3,12,4,59
"1275",3,12,4,58
"1276",3,12,4,49
"1277",3,12,4,40
"1278",3,12,4,39
"1279",3,12,4,30
"1280",3,12,4,21
"1281",3,12,4,22
"1282",3,12,4,12
"1283",3,12,4,3
"1284",3,12,5,69
"1285",3,12,5,68
"1286",3,12,5,59
"1287",3,12,5,58
"1288",3,12,5,49
"1289",3,12,5,40
"1290",3,12,5,39
"1291",3,12,5,30
"1292",3,12,5,21
"1293",3,12,5,12
"1294",3,12,5,3
"1295",3,12,6,69
"1296",3,12,6,68
"1297",3,12,6,59
"1298",3,12,6,58
"1299",3,12,6,49
"1300",3,12,6,40
"1301",3,12,6,39
"1302",3,12,6,30
"1303",3,12,6,21
"1304",3,12,6,12
"1305",3,12,6,3
"1306",3,12,7,69
"1307",3,12,7,68
"1308",3,12,7,59
"1309",3,12,7,50
"1310",3,12,7,49
"1311",3,12,7,40
"1312",3,12,7,31
"1313",3,12,7,22
"1314",3,12,7,21
"1315",3,12,7,12
"1316",3,12,7,3
"1317",3,12,8,69
"1318",3,12,8,68
"1319",3,12,8,59
"1320",3,12,8,58
"1321",3,12,8,49
"1322",3,12,8,50
"1323",3,12,8,40
"1324",3,12,8,31
"1325",3,12,8,22
"1326",3,12,8,21
"1327",3,12,8,12
"1328",3,12,8,3
"1329",3,12,9,69
"1330",3,12,9,68
"1331",3,12,9,59
"1332",3,12,9,58
"1333",3,12,9,49
"1334",3,12,9,40
"1335",3,12,9,31
"1336",3,12,9,30
"1337",3,12,9,21
"1338",3,12,9,12
"1339",3,12,9,3
"1340",3,12,10,69
"1341",3,12,10,68
"1342",3,12,10,59
"1343",3,12,10,50
"1344",3,12,10,49
"1345",3,12,10,40
"1346",3,12,10,31
"1347",3,12,10,22
"1348",3,12,10,21
"1349",3,12,10,12
"1350",3,12,10,3
"1351",3,12,11,69
"1352",3,12,11,68
"1353",3,12,11,59
"1354",3,12,11,58
"1355",3,12,11,49
"1356",3,12,11,40
"1357",3,12,11,31
"1358",3,12,11,30
"1359",3,12,11,21
"1360",3,12,11,12
"1361",3,12,11,3
"1362",3,12,12,69
"1363",3,12,12,68
"1364",3,12,12,59
"1365",3,12,12,58
"1366",3,12,12,49
"1367",3,12,12,40
"1368",3,12,12,31
"1369",3,12,12,22
"1370",3,12,12,21
"1371",3,12,12,13
"1372",3,12,12,12
"1373",3,12,12,3
"1374",3,13,2,69
"1375",3,13,2,68
"1376",3,13,2,59
"1377",3,13,2,50
"1378",3,13,2,49
"1379",3,13,2,40
"1380",3,13,2,31
"1381",3,13,2,22
"1382",3,13,2,21
"1383",3,13,2,12
"1384",3,13,2,13
"1385",3,13,2,4
"1386",3,13,2,3
"1387",3,13,3,69
"1388",3,13,3,68
"1389",3,13,3,59
"1390",3,13,3,50
"1391",3,13,3,41
"1392",3,13,3,40
"1393",3,13,3,31
"1394",3,13,3,22
"1395",3,13,3,13
"1396",3,13,3,4
"1397",3,13,3,3
"1398",3,13,5,69
"1399",3,13,5,68
"1400",3,13,5,59
"1401",3,13,5,50
"1402",3,13,5,49
"1403",3,13,5,40
"1404",3,13,5,41
"1405",3,13,5,32
"1406",3,13,5,31
"1407",3,13,5,23
"1408",3,13,5,22
"1409",3,13,5,13
"1410",3,13,5,12
"1411",3,13,5,3
"1412",3,13,6,69
"1413",3,13,6,68
"1414",3,13,6,59
"1415",3,13,6,50
"1416",3,13,6,49
"1417",3,13,6,40
"1418",3,13,6,41
"1419",3,13,6,31
"1420",3,13,6,32
"1421",3,13,6,23
"1422",3,13,6,22
"1423",3,13,6,21
"1424",3,13,6,13
"1425",3,13,6,12
"1426",3,13,6,3
"1427",3,13,8,69
"1428",3,13,8,70
"1429",3,13,8,68
"1430",3,13,8,59
"1431",3,13,8,50
"1432",3,13,8,41
"1433",3,13,8,40
"1434",3,13,8,32
"1435",3,13,8,31
"1436",3,13,8,23
"1437",3,13,8,22
"1438",3,13,8,13
"1439",3,13,8,12
"1440",3,13,8,3
"1441",3,13,9,69
"1442",3,13,9,68
"1443",3,13,9,59
"1444",3,13,9,50
"1445",3,13,9,49
"1446",3,13,9,40
"1447",3,13,9,41
"1448",3,13,9,31
"1449",3,13,9,30
"1450",3,13,9,21
"1451",3,13,9,22
"1452",3,13,9,13
"1453",3,13,9,12
"1454",3,13,9,3
"1455",3,13,10,69
"1456",3,13,10,68
"1457",3,13,10,59
"1458",3,13,10,50
"1459",3,13,10,49
"1460",3,13,10,40
"1461",3,13,10,41
"1462",3,13,10,32
"1463",3,13,10,23
"1464",3,13,10,22
"1465",3,13,10,13
"1466",3,13,10,12
"1467",3,13,10,4
"1468",3,13,10,3
"1469",3,13,11,69
"1470",3,13,11,68
"1471",3,13,11,59
"1472",3,13,11,58
"1473",3,13,11,49
"1474",3,13,11,40
"1475",3,13,11,31
"1476",3,13,11,30
"1477",3,13,11,21
"1478",3,13,11,22
"1479",3,13,11,13
"1480",3,13,11,12
"1481",3,13,11,3
"1482",3,13,12,69
"1483",3,13,12,68
"1484",3,13,12,59
"1485",3,13,12,50
"1486",3,13,12,49
"1487",3,13,12,40
"1488",3,13,12,31
"1489",3,13,12,30
"1490",3,13,12,21
"1491",3,13,12,12
"1492",3,13,12,3
"1493",3,14,1,69
"1494",3,14,1,60
"1495",3,14,1,59
"1496",3,14,1,50
"1497",3,14,1,41
"1498",3,14,1,32
"1499",3,14,1,31
"1500",3,14,1,22
"1501",3,14,1,21
"1502",3,14,1,12
"1503",3,14,1,3
"1504",3,14,10,69
"1505",3,14,10,60
"1506",3,14,10,51
"1507",3,14,10,50
"1508",3,14,10,41
"1509",3,14,10,32
"1510",3,14,10,31
"1511",3,14,10,22
"1512",3,14,10,21
"1513",3,14,10,12
"1514",3,14,10,3
"1515",3,14,11,69
"1516",3,14,11,68
"1517",3,14,11,59
"1518",3,14,11,60
"1519",3,14,11,50
"1520",3,14,11,41
"1521",3,14,11,40
"1522",3,14,11,31
"1523",3,14,11,22
"1524",3,14,11,21
"1525",3,14,11,12
"1526",3,14,11,3
"1527",3,14,12,69
"1528",3,14,12,68
"1529",3,14,12,59
"1530",3,14,12,50
"1531",3,14,12,49
"1532",3,14,12,40
"1533",3,14,12,41
"1534",3,14,12,32
"1535",3,14,12,31
"1536",3,14,12,22
"1537",3,14,12,21
"1538",3,14,12,12
"1539",3,14,12,3
"1540",3,15,2,69
"1541",3,15,2,68
"1542",3,15,2,59
"1543",3,15,2,60
"1544",3,15,2,50
"1545",3,15,2,41
"1546",3,15,2,32
"1547",3,15,2,23
"1548",3,15,2,22
"1549",3,15,2,21
"1550",3,15,2,12
"1551",3,15,2,3
"1552",3,15,3,69
"1553",3,15,3,68
"1554",3,15,3,59
"1555",3,15,3,58
"1556",3,15,3,49
"1557",3,15,3,50
"1558",3,15,3,41
"1559",3,15,3,32
"1560",3,15,3,31
"1561",3,15,3,22
"1562",3,15,3,21
"1563",3,15,3,13
"1564",3,15,3,12
"1565",3,15,3,3
"1566",3,15,4,69
"1567",3,15,4,68
"1568",3,15,4,60
"1569",3,15,4,51
"1570",3,15,4,52
"1571",3,15,4,43
"1572",3,15,4,42
"1573",3,15,4,33
"1574",3,15,4,24
"1575",3,15,4,15
"1576",3,15,4,14
"1577",3,15,4,5
"1578",3,15,4,4
"1579",3,15,4,3
"1580",3,15,6,69
"1581",3,15,6,68
"1582",3,15,6,59
"1583",3,15,6,50
"1584",3,15,6,49
"1585",3,15,6,40
"1586",3,15,6,41
"1587",3,15,6,31
"1588",3,15,6,32
"1589",3,15,6,23
"1590",3,15,6,22
"1591",3,15,6,13
"1592",3,15,6,12
"1593",3,15,6,3
"1594",3,15,7,69
"1595",3,15,7,68
"1596",3,15,7,59
"1597",3,15,7,50
"1598",3,15,7,49
"1599",3,15,7,41
"1600",3,15,7,32
"1601",3,15,7,23
"1602",3,15,7,14
"1603",3,15,7,13
"1604",3,15,7,12
"1605",3,15,7,3
"1606",3,15,8,69
"1607",3,15,8,68
"1608",3,15,8,59
"1609",3,15,8,50
"1610",3,15,8,49
"1611",3,15,8,40
"1612",3,15,8,41
"1613",3,15,8,32
"1614",3,15,8,31
"1615",3,15,8,22
"1616",3,15,8,13
"1617",3,15,8,12
"1618",3,15,8,3
"1619",3,15,9,69
"1620",3,15,9,68
"1621",3,15,9,59
"1622",3,15,9,50
"1623",3,15,9,49
"1624",3,15,9,41
"1625",3,15,9,32
"1626",3,15,9,31
"1627",3,15,9,22
"1628",3,15,9,13
"1629",3,15,9,12
"1630",3,15,9,3
"1631",3,15,10,69
"1632",3,15,10,68
"1633",3,15,10,59
"1634",3,15,10,50
"1635",3,15,10,49
"1636",3,15,10,40
"1637",3,15,10,41
"1638",3,15,10,32
"1639",3,15,10,31
"1640",3,15,10,22
"1641",3,15,10,21
"1642",3,15,10,12
"1643",3,15,10,3
"1644",3,15,11,69
"1645",3,15,11,68
"1646",3,15,11,59
"1647",3,15,11,58
"1648",3,15,11,49
"1649",3,15,11,40
"1650",3,15,11,39
"1651",3,15,11,30
"1652",3,15,11,31
"1653",3,15,11,22
"1654",3,15,11,21
"1655",3,15,11,12
"1656",3,15,11,13
"1657",3,15,11,11
"1658",3,15,11,2
"1659",3,15,11,3
"1660",3,15,12,69
"1661",3,15,12,68
"1662",3,15,12,59
"1663",3,15,12,58
"1664",3,15,12,49
"1665",3,15,12,40
"1666",3,15,12,41
"1667",3,15,12,31
"1668",3,15,12,22
"1669",3,15,12,21
"1670",3,15,12,13
"1671",3,15,12,12
"1672",3,15,12,3
"1673",3,16,2,69
"1674",3,16,2,60
"1675",3,16,2,61
"1676",3,16,2,59
"1677",3,16,2,50
"1678",3,16,2,49
"1679",3,16,2,41
"1680",3,16,2,32
"1681",3,16,2,23
"1682",3,16,2,22
"1683",3,16,2,13
"1684",3,16,2,4
"1685",3,16,2,3
"1686",3,16,3,69
"1687",3,16,3,68
"1688",3,16,3,59
"1689",3,16,3,50
"1690",3,16,3,41
"1691",3,16,3,32
"1692",3,16,3,23
"1693",3,16,3,22
"1694",3,16,3,13
"1695",3,16,3,12
"1696",3,16,3,3
"1697",3,16,5,69
"1698",3,16,5,60
"1699",3,16,5,59
"1700",3,16,5,50
"1701",3,16,5,41
"1702",3,16,5,40
"1703",3,16,5,31
"1704",3,16,5,22
"1705",3,16,5,21
"1706",3,16,5,12
"1707",3,16,5,3
"1708",3,16,6,69
"1709",3,16,6,60
"1710",3,16,6,59
"1711",3,16,6,50
"1712",3,16,6,49
"1713",3,16,6,40
"1714",3,16,6,31
"1715",3,16,6,32
"1716",3,16,6,30
"1717",3,16,6,21
"1718",3,16,6,22
"1719",3,16,6,13
"1720",3,16,6,4
"1721",3,16,6,3
"1722",3,16,7,69
"1723",3,16,7,68
"1724",3,16,7,59
"1725",3,16,7,50
"1726",3,16,7,41
"1727",3,16,7,32
"1728",3,16,7,31
"1729",3,16,7,22
"1730",3,16,7,13
"1731",3,16,7,12
"1732",3,16,7,3
"1733",3,16,8,69
"1734",3,16,8,68
"1735",3,16,8,59
"1736",3,16,8,50
"1737",3,16,8,41
"1738",3,16,8,40
"1739",3,16,8,32
"1740",3,16,8,23
"1741",3,16,8,22
"1742",3,16,8,13
"1743",3,16,8,12
"1744",3,16,8,3
"1745",3,16,9,69
"1746",3,16,9,68
"1747",3,16,9,59
"1748",3,16,9,50
"1749",3,16,9,49
"1750",3,16,9,41
"1751",3,16,9,40
"1752",3,16,9,32
"1753",3,16,9,31
"1754",3,16,9,22
"1755",3,16,9,21
"1756",3,16,9,12
"1757",3,16,9,3
"1758",3,16,10,69
"1759",3,16,10,68
"1760",3,16,10,60
"1761",3,16,10,59
"1762",3,16,10,50
"1763",3,16,10,51
"1764",3,16,10,41
"1765",3,16,10,32
"1766",3,16,10,23
"1767",3,16,10,22
"1768",3,16,10,13
"1769",3,16,10,12
"1770",3,16,10,3
"1771",3,16,11,69
"1772",3,16,11,68
"1773",3,16,11,59
"1774",3,16,11,50
"1775",3,16,11,41
"1776",3,16,11,32
"1777",3,16,11,31
"1778",3,16,11,22
"1779",3,16,11,13
"1780",3,16,11,12
"1781",3,16,11,3
"1782",3,16,12,69
"1783",3,16,12,68
"1784",3,16,12,59
"1785",3,16,12,50
"1786",3,16,12,49
"1787",3,16,12,40
"1788",3,16,12,41
"1789",3,16,12,32
"1790",3,16,12,23
"1791",3,16,12,22
"1792",3,16,12,12
"1793",3,16,12,13
"1794",3,16,12,4
"1795",3,16,12,3
"1796",3,17,1,69
"1797",3,17,1,60
"1798",3,17,1,51
"1799",3,17,1,42
"1800",3,17,1,41
"1801",3,17,1,33
"1802",3,17,1,32
"1803",3,17,1,23
"1804",3,17,1,22
"1805",3,17,1,13
"1806",3,17,1,4
"1807",3,17,1,3
"1808",3,17,2,69
"1809",3,17,2,68
"1810",3,17,2,59
"1811",3,17,2,60
"1812",3,17,2,51
"1813",3,17,2,42
"1814",3,17,2,41
"1815",3,17,2,32
"1816",3,17,2,23
"1817",3,17,2,22
"1818",3,17,2,13
"1819",3,17,2,12
"1820",3,17,2,3
"1821",3,17,3,69
"1822",3,17,3,68
"1823",3,17,3,59
"1824",3,17,3,50
"1825",3,17,3,49
"1826",3,17,3,40
"1827",3,17,3,31
"1828",3,17,3,32
"1829",3,17,3,22
"1830",3,17,3,13
"1831",3,17,3,12
"1832",3,17,3,3
"1833",3,17,4,69
"1834",3,17,4,60
"1835",3,17,4,59
"1836",3,17,4,50
"1837",3,17,4,41
"1838",3,17,4,40
"1839",3,17,4,31
"1840",3,17,4,32
"1841",3,17,4,23
"1842",3,17,4,22
"1843",3,17,4,13
"1844",3,17,4,12
"1845",3,17,4,4
"1846",3,17,4,3
"1847",3,17,5,69
"1848",3,17,5,60
"1849",3,17,5,51
"1850",3,17,5,42
"1851",3,17,5,41
"1852",3,17,5,32
"1853",3,17,5,23
"1854",3,17,5,22
"1855",3,17,5,21
"1856",3,17,5,12
"1857",3,17,5,3
"1858",3,17,6,69
"1859",3,17,6,60
"1860",3,17,6,59
"1861",3,17,6,50
"1862",3,17,6,41
"1863",3,17,6,32
"1864",3,17,6,31
"1865",3,17,6,22
"1866",3,17,6,21
"1867",3,17,6,12
"1868",3,17,6,3
"1869",3,17,7,69
"1870",3,17,7,60
"1871",3,17,7,51
"1872",3,17,7,42
"1873",3,17,7,33
"1874",3,17,7,24
"1875",3,17,7,23
"1876",3,17,7,14
"1877",3,17,7,13
"1878",3,17,7,4
"1879",3,17,7,3
"1880",3,17,8,69
"1881",3,17,8,60
"1882",3,17,8,51
"1883",3,17,8,42
"1884",3,17,8,41
"1885",3,17,8,32
"1886",3,17,8,23
"1887",3,17,8,22
"1888",3,17,8,13
"1889",3,17,8,4
"1890",3,17,8,3
"1891",3,17,9,69
"1892",3,17,9,60
"1893",3,17,9,59
"1894",3,17,9,50
"1895",3,17,9,41
"1896",3,17,9,32
"1897",3,17,9,23
"1898",3,17,9,22
"1899",3,17,9,13
"1900",3,17,9,12
"1901",3,17,9,3
"1902",3,17,10,69
"1903",3,17,10,60
"1904",3,17,10,61
"1905",3,17,10,68
"1906",3,17,10,59
"1907",3,17,10,50
"1908",3,17,10,41
"1909",3,17,10,40
"1910",3,17,10,32
"1911",3,17,10,31
"1912",3,17,10,22
"1913",3,17,10,13
"1914",3,17,10,12
"1915",3,17,10,3
"1916",3,17,11,69
"1917",3,17,11,60
"1918",3,17,11,51
"1919",3,17,11,50
"1920",3,17,11,41
"1921",3,17,11,40
"1922",3,17,11,32
"1923",3,17,11,31
"1924",3,17,11,30
"1925",3,17,11,21
"1926",3,17,11,12
"1927",3,17,11,3
"1928",3,17,12,69
"1929",3,17,12,60
"1930",3,17,12,51
"1931",3,17,12,50
"1932",3,17,12,41
"1933",3,17,12,40
"1934",3,17,12,31
"1935",3,17,12,22
"1936",3,17,12,21
"1937",3,17,12,12
"1938",3,17,12,3
"1939",3,18,1,69
"1940",3,18,1,68
"1941",3,18,1,59
"1942",3,18,1,58
"1943",3,18,1,49
"1944",3,18,1,40
"1945",3,18,1,31
"1946",3,18,1,22
"1947",3,18,1,13
"1948",3,18,1,12
"1949",3,18,1,3
"1950",3,18,2,69
"1951",3,18,2,68
"1952",3,18,2,60
"1953",3,18,2,59
"1954",3,18,2,51
"1955",3,18,2,50
"1956",3,18,2,42
"1957",3,18,2,33
"1958",3,18,2,32
"1959",3,18,2,24
"1960",3,18,2,23
"1961",3,18,2,14
"1962",3,18,2,13
"1963",3,18,2,4
"1964",3,18,2,3
"1965",3,18,3,69
"1966",3,18,3,68
"1967",3,18,3,59
"1968",3,18,3,58
"1969",3,18,3,49
"1970",3,18,3,40
"1971",3,18,3,31
"1972",3,18,3,22
"1973",3,18,3,21
"1974",3,18,3,13
"1975",3,18,3,12
"1976",3,18,3,3
"1977",3,18,4,69
"1978",3,18,4,68
"1979",3,18,4,59
"1980",3,18,4,50
"1981",3,18,4,49
"1982",3,18,4,40
"1983",3,18,4,41
"1984",3,18,4,32
"1985",3,18,4,31
"1986",3,18,4,22
"1987",3,18,4,13
"1988",3,18,4,12
"1989",3,18,4,3
"1990",3,18,5,69
"1991",3,18,5,68
"1992",3,18,5,59
"1993",3,18,5,50
"1994",3,18,5,41
"1995",3,18,5,32
"1996",3,18,5,31
"1997",3,18,5,22
"1998",3,18,5,21
"1999",3,18,5,13
"2000",3,18,5,12
"2001",3,18,5,3
"2002",3,18,6,69
"2003",3,18,6,68
"2004",3,18,6,59
"2005",3,18,6,58
"2006",3,18,6,49
"2007",3,18,6,40
"2008",3,18,6,31
"2009",3,18,6,22
"2010",3,18,6,21
"2011",3,18,6,12
"2012",3,18,6,3
"2013",3,18,7,69
"2014",3,18,7,68
"2015",3,18,7,59
"2016",3,18,7,50
"2017",3,18,7,49
"2018",3,18,7,40
"2019",3,18,7,31
"2020",3,18,7,22
"2021",3,18,7,21
"2022",3,18,7,12
"2023",3,18,7,3
"2024",3,18,8,69
"2025",3,18,8,68
"2026",3,18,8,59
"2027",3,18,8,50
"2028",3,18,8,49
"2029",3,18,8,40
"2030",3,18,8,31
"2031",3,18,8,22
"2032",3,18,8,21
"2033",3,18,8,12
"2034",3,18,8,13
"2035",3,18,8,3
"2036",3,18,9,69
"2037",3,18,9,68
"2038",3,18,9,59
"2039",3,18,9,58
"2040",3,18,9,49
"2041",3,18,9,40
"2042",3,18,9,31
"2043",3,18,9,30
"2044",3,18,9,21
"2045",3,18,9,12
"2046",3,18,9,3
"2047",3,18,10,69
"2048",3,18,10,68
"2049",3,18,10,59
"2050",3,18,10,50
"2051",3,18,10,49
"2052",3,18,10,40
"2053",3,18,10,31
"2054",3,18,10,30
"2055",3,18,10,21
"2056",3,18,10,22
"2057",3,18,10,12
"2058",3,18,10,3
"2059",3,18,11,69
"2060",3,18,11,68
"2061",3,18,11,59
"2062",3,18,11,58
"2063",3,18,11,49
"2064",3,18,11,40
"2065",3,18,11,31
"2066",3,18,11,30
"2067",3,18,11,21
"2068",3,18,11,22
"2069",3,18,11,12
"2070",3,18,11,3
"2071",3,18,12,69
"2072",3,18,12,60
"2073",3,18,12,59
"2074",3,18,12,50
"2075",3,18,12,49
"2076",3,18,12,41
"2077",3,18,12,40
"2078",3,18,12,31
"2079",3,18,12,22
"2080",3,18,12,13
"2081",3,18,12,12
"2082",3,18,12,3
"2083",3,19,3,69
"2084",3,19,3,60
"2085",3,19,3,59
"2086",3,19,3,50
"2087",3,19,3,41
"2088",3,19,3,40
"2089",3,19,3,32
"2090",3,19,3,31
"2091",3,19,3,23
"2092",3,19,3,22
"2093",3,19,3,13
"2094",3,19,3,4
"2095",3,19,3,3
"2096",3,19,5,69
"2097",3,19,5,68
"2098",3,19,5,59
"2099",3,19,5,58
"2100",3,19,5,49
"2101",3,19,5,40
"2102",3,19,5,31
"2103",3,19,5,30
"2104",3,19,5,21
"2105",3,19,5,12
"2106",3,19,5,3
"2107",3,19,6,69
"2108",3,19,6,68
"2109",3,19,6,59
"2110",3,19,6,58
"2111",3,19,6,49
"2112",3,19,6,40
"2113",3,19,6,41
"2114",3,19,6,32
"2115",3,19,6,31
"2116",3,19,6,22
"2117",3,19,6,21
"2118",3,19,6,13
"2119",3,19,6,12
"2120",3,19,6,3
"2121",3,19,8,69
"2122",3,19,8,68
"2123",3,19,8,59
"2124",3,19,8,58
"2125",3,19,8,49
"2126",3,19,8,40
"2127",3,19,8,31
"2128",3,19,8,30
"2129",3,19,8,22
"2130",3,19,8,21
"2131",3,19,8,13
"2132",3,19,8,12
"2133",3,19,8,3
"2134",3,19,9,69
"2135",3,19,9,68
"2136",3,19,9,59
"2137",3,19,9,58
"2138",3,19,9,49
"2139",3,19,9,50
"2140",3,19,9,40
"2141",3,19,9,39
"2142",3,19,9,31
"2143",3,19,9,30
"2144",3,19,9,22
"2145",3,19,9,21
"2146",3,19,9,12
"2147",3,19,9,3
"2148",3,19,10,69
"2149",3,19,10,68
"2150",3,19,10,59
"2151",3,19,10,50
"2152",3,19,10,49
"2153",3,19,10,40
"2154",3,19,10,31
"2155",3,19,10,22
"2156",3,19,10,13
"2157",3,19,10,12
"2158",3,19,10,3
"2159",3,19,11,69
"2160",3,19,11,68
"2161",3,19,11,59
"2162",3,19,11,58
"2163",3,19,11,49
"2164",3,19,11,40
"2165",3,19,11,31
"2166",3,19,11,22
"2167",3,19,11,13
"2168",3,19,11,12
"2169",3,19,11,3
"2170",3,19,12,69
"2171",3,19,12,68
"2172",3,19,12,59
"2173",3,19,12,50
"2174",3,19,12,49
"2175",3,19,12,40
"2176",3,19,12,31
"2177",3,19,12,22
"2178",3,19,12,21
"2179",3,19,12,12
"2180",3,19,12,13
"2181",3,19,12,3
"2182",3,20,1,69
"2183",3,20,1,60
"2184",3,20,1,51
"2185",3,20,1,42
"2186",3,20,1,41
"2187",3,20,1,32
"2188",3,20,1,23
"2189",3,20,1,22
"2190",3,20,1,13
"2191",3,20,1,12
"2192",3,20,1,3
"2193",3,20,2,69
"2194",3,20,2,60
"2195",3,20,2,51
"2196",3,20,2,52
"2197",3,20,2,43
"2198",3,20,2,42
"2199",3,20,2,34
"2200",3,20,2,33
"2201",3,20,2,24
"2202",3,20,2,23
"2203",3,20,2,14
"2204",3,20,2,13
"2205",3,20,2,4
"2206",3,20,2,3
"2207",3,20,3,69
"2208",3,20,3,60
"2209",3,20,3,51
"2210",3,20,3,42
"2211",3,20,3,43
"2212",3,20,3,34
"2213",3,20,3,33
"2214",3,20,3,24
"2215",3,20,3,23
"2216",3,20,3,14
"2217",3,20,3,13
"2218",3,20,3,4
"2219",3,20,3,3
"2220",3,20,4,69
"2221",3,20,4,60
"2222",3,20,4,51
"2223",3,20,4,52
"2224",3,20,4,43
"2225",3,20,4,42
"2226",3,20,4,33
"2227",3,20,4,32
"2228",3,20,4,23
"2229",3,20,4,14
"2230",3,20,4,13
"2231",3,20,4,4
"2232",3,20,4,3
"2233",3,20,5,69
"2234",3,20,5,60
"2235",3,20,5,51
"2236",3,20,5,42
"2237",3,20,5,41
"2238",3,20,5,32
"2239",3,20,5,23
"2240",3,20,5,22
"2241",3,20,5,13
"2242",3,20,5,12
"2243",3,20,5,3
"2244",3,20,6,69
"2245",3,20,6,60
"2246",3,20,6,51
"2247",3,20,6,52
"2248",3,20,6,43
"2249",3,20,6,42
"2250",3,20,6,33
"2251",3,20,6,24
"2252",3,20,6,23
"2253",3,20,6,14
"2254",3,20,6,13
"2255",3,20,6,4
"2256",3,20,6,3
"2257",3,20,7,69
"2258",3,20,7,60
"2259",3,20,7,51
"2260",3,20,7,52
"2261",3,20,7,43
"2262",3,20,7,34
"2263",3,20,7,33
"2264",3,20,7,24
"2265",3,20,7,23
"2266",3,20,7,14
"2267",3,20,7,13
"2268",3,20,7,4
"2269",3,20,7,3
"2270",3,20,8,69
"2271",3,20,8,60
"2272",3,20,8,51
"2273",3,20,8,52
"2274",3,20,8,43
"2275",3,20,8,42
"2276",3,20,8,34
"2277",3,20,8,33
"2278",3,20,8,24
"2279",3,20,8,23
"2280",3,20,8,22
"2281",3,20,8,13
"2282",3,20,8,12
"2283",3,20,8,3
"2284",3,20,9,69
"2285",3,20,9,60
"2286",3,20,9,51
"2287",3,20,9,42
"2288",3,20,9,33
"2289",3,20,9,24
"2290",3,20,9,23
"2291",3,20,9,22
"2292",3,20,9,13
"2293",3,20,9,4
"2294",3,20,9,3
"2295",3,20,10,69
"2296",3,20,10,60
"2297",3,20,10,51
"2298",3,20,10,52
"2299",3,20,10,42
"2300",3,20,10,33
"2301",3,20,10,32
"2302",3,20,10,23
"2303",3,20,10,22
"2304",3,20,10,13
"2305",3,20,10,12
"2306",3,20,10,3
"2307",3,20,11,69
"2308",3,20,11,60
"2309",3,20,11,51
"2310",3,20,11,42
"2311",3,20,11,33
"2312",3,20,11,32
"2313",3,20,11,23
"2314",3,20,11,22
"2315",3,20,11,13
"2316",3,20,11,12
"2317",3,20,11,3
"2318",3,20,12,69
"2319",3,20,12,60
"2320",3,20,12,51
"2321",3,20,12,42
"2322",3,20,12,33
"2323",3,20,12,32
"2324",3,20,12,23
"2325",3,20,12,22
"2326",3,20,12,13
"2327",3,20,12,12
"2328",3,20,12,3
"2329",4,21,2,69
"2330",4,21,2,60
"2331",4,21,2,51
"2332",4,21,2,50
"2333",4,21,2,41
"2334",4,21,2,32
"2335",4,21,2,23
"2336",4,21,2,22
"2337",4,21,2,13
"2338",4,21,2,12
"2339",4,21,2,3
"2340",4,21,3,69
"2341",4,21,3,68
"2342",4,21,3,59
"2343",4,21,3,50
"2344",4,21,3,49
"2345",4,21,3,40
"2346",4,21,3,41
"2347",4,21,3,32
"2348",4,21,3,31
"2349",4,21,3,22
"2350",4,21,3,23
"2351",4,21,3,13
"2352",4,21,3,4
"2353",4,21,3,3
"2354",4,21,5,69
"2355",4,21,5,68
"2356",4,21,5,60
"2357",4,21,5,59
"2358",4,21,5,50
"2359",4,21,5,41
"2360",4,21,5,40
"2361",4,21,5,31
"2362",4,21,5,22
"2363",4,21,5,21
"2364",4,21,5,12
"2365",4,21,5,3
"2366",4,21,6,69
"2367",4,21,6,60
"2368",4,21,6,59
"2369",4,21,6,50
"2370",4,21,6,41
"2371",4,21,6,40
"2372",4,21,6,31
"2373",4,21,6,22
"2374",4,21,6,21
"2375",4,21,6,12
"2376",4,21,6,3
"2377",4,21,7,69
"2378",4,21,7,60
"2379",4,21,7,59
"2380",4,21,7,50
"2381",4,21,7,49
"2382",4,21,7,40
"2383",4,21,7,31
"2384",4,21,7,22
"2385",4,21,7,13
"2386",4,21,7,12
"2387",4,21,7,3
"2388",4,21,8,69
"2389",4,21,8,68
"2390",4,21,8,59
"2391",4,21,8,50
"2392",4,21,8,49
"2393",4,21,8,40
"2394",4,21,8,31
"2395",4,21,8,22
"2396",4,21,8,13
"2397",4,21,8,12
"2398",4,21,8,3
"2399",4,21,9,69
"2400",4,21,9,68
"2401",4,21,9,59
"2402",4,21,9,58
"2403",4,21,9,49
"2404",4,21,9,40
"2405",4,21,9,31
"2406",4,21,9,22
"2407",4,21,9,21
"2408",4,21,9,12
"2409",4,21,9,3
"2410",4,21,10,69
"2411",4,21,10,68
"2412",4,21,10,59
"2413",4,21,10,58
"2414",4,21,10,49
"2415",4,21,10,40
"2416",4,21,10,31
"2417",4,21,10,22
"2418",4,21,10,21
"2419",4,21,10,12
"2420",4,21,10,3
"2421",4,21,11,69
"2422",4,21,11,68
"2423",4,21,11,59
"2424",4,21,11,58
"2425",4,21,11,49
"2426",4,21,11,40
"2427",4,21,11,31
"2428",4,21,11,22
"2429",4,21,11,21
"2430",4,21,11,12
"2431",4,21,11,3
"2432",4,21,12,69
"2433",4,21,12,68
"2434",4,21,12,59
"2435",4,21,12,58
"2436",4,21,12,49
"2437",4,21,12,40
"2438",4,21,12,31
"2439",4,21,12,22
"2440",4,21,12,21
"2441",4,21,12,12
"2442",4,21,12,3
"2443",4,22,2,69
"2444",4,22,2,60
"2445",4,22,2,59
"2446",4,22,2,58
"2447",4,22,2,49
"2448",4,22,2,40
"2449",4,22,2,31
"2450",4,22,2,22
"2451",4,22,2,21
"2452",4,22,2,12
"2453",4,22,2,3
"2454",4,22,7,69
"2455",4,22,7,60
"2456",4,22,7,51
"2457",4,22,7,42
"2458",4,22,7,41
"2459",4,22,7,32
"2460",4,22,7,31
"2461",4,22,7,22
"2462",4,22,7,21
"2463",4,22,7,12
"2464",4,22,7,3
"2465",4,22,9,69
"2466",4,22,9,68
"2467",4,22,9,59
"2468",4,22,9,60
"2469",4,22,9,51
"2470",4,22,9,50
"2471",4,22,9,41
"2472",4,22,9,32
"2473",4,22,9,31
"2474",4,22,9,22
"2475",4,22,9,13
"2476",4,22,9,12
"2477",4,22,9,3
"2478",4,22,10,69
"2479",4,22,10,68
"2480",4,22,10,59
"2481",4,22,10,50
"2482",4,22,10,49
"2483",4,22,10,40
"2484",4,22,10,31
"2485",4,22,10,30
"2486",4,22,10,21
"2487",4,22,10,12
"2488",4,22,10,3
"2489",4,22,12,69
"2490",4,22,12,68
"2491",4,22,12,59
"2492",4,22,12,50
"2493",4,22,12,41
"2494",4,22,12,40
"2495",4,22,12,31
"2496",4,22,12,22
"2497",4,22,12,21
"2498",4,22,12,12
"2499",4,22,12,3
"2500",4,23,1,69
"2501",4,23,1,68
"2502",4,23,1,59
"2503",4,23,1,58
"2504",4,23,1,49
"2505",4,23,1,40
"2506",4,23,1,31
"2507",4,23,1,22
"2508",4,23,1,21
"2509",4,23,1,12
"2510",4,23,1,3
"2511",4,23,2,69
"2512",4,23,2,68
"2513",4,23,2,59
"2514",4,23,2,58
"2515",4,23,2,49
"2516",4,23,2,40
"2517",4,23,2,31
"2518",4,23,2,22
"2519",4,23,2,13
"2520",4,23,2,12
"2521",4,23,2,3
"2522",4,23,4,69
"2523",4,23,4,68
"2524",4,23,4,59
"2525",4,23,4,58
"2526",4,23,4,49
"2527",4,23,4,40
"2528",4,23,4,31
"2529",4,23,4,22
"2530",4,23,4,21
"2531",4,23,4,12
"2532",4,23,4,3
"2533",4,23,5,69
"2534",4,23,5,68
"2535",4,23,5,59
"2536",4,23,5,58
"2537",4,23,5,49
"2538",4,23,5,40
"2539",4,23,5,31
"2540",4,23,5,22
"2541",4,23,5,13
"2542",4,23,5,12
"2543",4,23,5,3
"2544",4,23,6,69
"2545",4,23,6,68
"2546",4,23,6,59
"2547",4,23,6,58
"2548",4,23,6,49
"2549",4,23,6,40
"2550",4,23,6,31
"2551",4,23,6,22
"2552",4,23,6,21
"2553",4,23,6,12
"2554",4,23,6,13
"2555",4,23,6,3
"2556",4,23,7,69
"2557",4,23,7,68
"2558",4,23,7,59
"2559",4,23,7,58
"2560",4,23,7,49
"2561",4,23,7,40
"2562",4,23,7,41
"2563",4,23,7,32
"2564",4,23,7,31
"2565",4,23,7,22
"2566",4,23,7,21
"2567",4,23,7,12
"2568",4,23,7,3
"2569",4,23,8,69
"2570",4,23,8,68
"2571",4,23,8,59
"2572",4,23,8,50
"2573",4,23,8,49
"2574",4,23,8,40
"2575",4,23,8,31
"2576",4,23,8,22
"2577",4,23,8,21
"2578",4,23,8,12
"2579",4,23,8,13
"2580",4,23,8,4
"2581",4,23,8,3
"2582",4,23,9,69
"2583",4,23,9,68
"2584",4,23,9,59
"2585",4,23,9,58
"2586",4,23,9,49
"2587",4,23,9,40
"2588",4,23,9,31
"2589",4,23,9,22
"2590",4,23,9,21
"2591",4,23,9,12
"2592",4,23,9,3
"2593",4,23,10,69
"2594",4,23,10,68
"2595",4,23,10,59
"2596",4,23,10,58
"2597",4,23,10,49
"2598",4,23,10,40
"2599",4,23,10,31
"2600",4,23,10,22
"2601",4,23,10,13
"2602",4,23,10,12
"2603",4,23,10,3
"2604",4,23,11,69
"2605",4,23,11,68
"2606",4,23,11,59
"2607",4,23,11,58
"2608",4,23,11,49
"2609",4,23,11,40
"2610",4,23,11,31
"2611",4,23,11,30
"2612",4,23,11,21
"2613",4,23,11,12
"2614",4,23,11,3
"2615",4,24,2,69
"2616",4,24,2,70
"2617",4,24,2,61
"2618",4,24,2,52
"2619",4,24,2,43
"2620",4,24,2,42
"2621",4,24,2,33
"2622",4,24,2,24
"2623",4,24,2,23
"2624",4,24,2,22
"2625",4,24,2,13
"2626",4,24,2,12
"2627",4,24,2,3
"2628",4,24,4,69
"2629",4,24,4,60
"2630",4,24,4,51
"2631",4,24,4,52
"2632",4,24,4,43
"2633",4,24,4,44
"2634",4,24,4,34
"2635",4,24,4,33
"2636",4,24,4,24
"2637",4,24,4,23
"2638",4,24,4,14
"2639",4,24,4,13
"2640",4,24,4,4
"2641",4,24,4,3
"2642",4,24,5,69
"2643",4,24,5,70
"2644",4,24,5,61
"2645",4,24,5,62
"2646",4,24,5,53
"2647",4,24,5,44
"2648",4,24,5,43
"2649",4,24,5,34
"2650",4,24,5,25
"2651",4,24,5,24
"2652",4,24,5,23
"2653",4,24,5,14
"2654",4,24,5,13
"2655",4,24,5,4
"2656",4,24,5,3
"2657",4,24,6,69
"2658",4,24,6,70
"2659",4,24,6,61
"2660",4,24,6,52
"2661",4,24,6,43
"2662",4,24,6,42
"2663",4,24,6,33
"2664",4,24,6,24
"2665",4,24,6,23
"2666",4,24,6,22
"2667",4,24,6,21
"2668",4,24,6,12
"2669",4,24,6,3
"2670",4,24,7,69
"2671",4,24,7,60
"2672",4,24,7,61
"2673",4,24,7,62
"2674",4,24,7,53
"2675",4,24,7,44
"2676",4,24,7,35
"2677",4,24,7,34
"2678",4,24,7,25
"2679",4,24,7,24
"2680",4,24,7,23
"2681",4,24,7,14
"2682",4,24,7,13
"2683",4,24,7,4
"2684",4,24,7,3
"2685",4,24,8,69
"2686",4,24,8,60
"2687",4,24,8,51
"2688",4,24,8,50
"2689",4,24,8,42
"2690",4,24,8,41
"2691",4,24,8,32
"2692",4,24,8,23
"2693",4,24,8,22
"2694",4,24,8,21
"2695",4,24,8,12
"2696",4,24,8,3
"2697",4,24,9,69
"2698",4,24,9,60
"2699",4,24,9,61
"2700",4,24,9,70
"2701",4,24,9,52
"2702",4,24,9,43
"2703",4,24,9,34
"2704",4,24,9,33
"2705",4,24,9,24
"2706",4,24,9,23
"2707",4,24,9,14
"2708",4,24,9,13
"2709",4,24,9,4
"2710",4,24,9,3
"2711",4,24,10,69
"2712",4,24,10,60
"2713",4,24,10,61
"2714",4,24,10,52
"2715",4,24,10,53
"2716",4,24,10,43
"2717",4,24,10,34
"2718",4,24,10,33
"2719",4,24,10,24
"2720",4,24,10,23
"2721",4,24,10,22
"2722",4,24,10,13
"2723",4,24,10,12
"2724",4,24,10,3
"2725",4,24,11,69
"2726",4,24,11,60
"2727",4,24,11,51
"2728",4,24,11,42
"2729",4,24,11,33
"2730",4,24,11,32
"2731",4,24,11,23
"2732",4,24,11,22
"2733",4,24,11,13
"2734",4,24,11,12
"2735",4,24,11,3
"2736",4,24,12,69
"2737",4,24,12,60
"2738",4,24,12,51
"2739",4,24,12,42
"2740",4,24,12,41
"2741",4,24,12,32
"2742",4,24,12,31
"2743",4,24,12,22
"2744",4,24,12,21
"2745",4,24,12,12
"2746",4,24,12,3
"2747",4,25,6,69
"2748",4,25,6,68
"2749",4,25,6,59
"2750",4,25,6,60
"2751",4,25,6,51
"2752",4,25,6,50
"2753",4,25,6,41
"2754",4,25,6,32
"2755",4,25,6,31
"2756",4,25,6,30
"2757",4,25,6,21
"2758",4,25,6,12
"2759",4,25,6,3
"2760",4,25,10,69
"2761",4,25,10,68
"2762",4,25,10,60
"2763",4,25,10,59
"2764",4,25,10,50
"2765",4,25,10,49
"2766",4,25,10,40
"2767",4,25,10,31
"2768",4,25,10,30
"2769",4,25,10,21
"2770",4,25,10,12
"2771",4,25,10,3
"2772",4,25,11,69
"2773",4,25,11,60
"2774",4,25,11,59
"2775",4,25,11,50
"2776",4,25,11,49
"2777",4,25,11,40
"2778",4,25,11,31
"2779",4,25,11,30
"2780",4,25,11,21
"2781",4,25,11,12
"2782",4,25,11,3
"2783",4,25,12,69
"2784",4,25,12,60
"2785",4,25,12,59
"2786",4,25,12,50
"2787",4,25,12,49
"2788",4,25,12,40
"2789",4,25,12,39
"2790",4,25,12,30
"2791",4,25,12,21
"2792",4,25,12,12
"2793",4,25,12,3
"2794",4,26,2,69
"2795",4,26,2,68
"2796",4,26,2,59
"2797",4,26,2,50
"2798",4,26,2,41
"2799",4,26,2,32
"2800",4,26,2,31
"2801",4,26,2,22
"2802",4,26,2,21
"2803",4,26,2,12
"2804",4,26,2,3
"2805",4,26,3,69
"2806",4,26,3,68
"2807",4,26,3,59
"2808",4,26,3,50
"2809",4,26,3,41
"2810",4,26,3,32
"2811",4,26,3,31
"2812",4,26,3,22
"2813",4,26,3,13
"2814",4,26,3,12
"2815",4,26,3,3
"2816",4,26,4,69
"2817",4,26,4,68
"2818",4,26,4,59
"2819",4,26,4,50
"2820",4,26,4,49
"2821",4,26,4,40
"2822",4,26,4,31
"2823",4,26,4,22
"2824",4,26,4,13
"2825",4,26,4,12
"2826",4,26,4,3
"2827",4,26,6,69
"2828",4,26,6,68
"2829",4,26,6,59
"2830",4,26,6,50
"2831",4,26,6,41
"2832",4,26,6,40
"2833",4,26,6,31
"2834",4,26,6,22
"2835",4,26,6,13
"2836",4,26,6,12
"2837",4,26,6,3
"2838",4,26,10,69
"2839",4,26,10,68
"2840",4,26,10,59
"2841",4,26,10,50
"2842",4,26,10,41
"2843",4,26,10,32
"2844",4,26,10,31
"2845",4,26,10,30
"2846",4,26,10,22
"2847",4,26,10,13
"2848",4,26,10,12
"2849",4,26,10,3
"2850",4,26,11,69
"2851",4,26,11,68
"2852",4,26,11,59
"2853",4,26,11,50
"2854",4,26,11,41
"2855",4,26,11,32
"2856",4,26,11,23
"2857",4,26,11,22
"2858",4,26,11,13
"2859",4,26,11,12
"2860",4,26,11,3
"2861",4,26,12,69
"2862",4,26,12,68
"2863",4,26,12,59
"2864",4,26,12,50
"2865",4,26,12,41
"2866",4,26,12,32
"2867",4,26,12,31
"2868",4,26,12,23
"2869",4,26,12,22
"2870",4,26,12,13
"2871",4,26,12,12
"2872",4,26,12,3
"2873",4,27,2,69
"2874",4,27,2,68
"2875",4,27,2,59
"2876",4,27,2,58
"2877",4,27,2,50
"2878",4,27,2,41
"2879",4,27,2,32
"2880",4,27,2,31
"2881",4,27,2,22
"2882",4,27,2,13
"2883",4,27,2,12
"2884",4,27,2,3
"2885",4,27,4,69
"2886",4,27,4,68
"2887",4,27,4,70
"2888",4,27,4,60
"2889",4,27,4,59
"2890",4,27,4,58
"2891",4,27,4,49
"2892",4,27,4,48
"2893",4,27,4,39
"2894",4,27,4,30
"2895",4,27,4,21
"2896",4,27,4,12
"2897",4,27,4,11
"2898",4,27,4,2
"2899",4,27,4,3
"2900",4,28,1,69
"2901",4,28,1,70
"2902",4,28,1,68
"2903",4,28,1,59
"2904",4,28,1,58
"2905",4,28,1,49
"2906",4,28,1,40
"2907",4,28,1,31
"2908",4,28,1,22
"2909",4,28,1,21
"2910",4,28,1,12
"2911",4,28,1,3
"2912",4,28,2,69
"2913",4,28,2,70
"2914",4,28,2,68
"2915",4,28,2,59
"2916",4,28,2,50
"2917",4,28,2,49
"2918",4,28,2,40
"2919",4,28,2,31
"2920",4,28,2,22
"2921",4,28,2,21
"2922",4,28,2,12
"2923",4,28,2,3
"2924",4,28,4,69
"2925",4,28,4,68
"2926",4,28,4,59
"2927",4,28,4,58
"2928",4,28,4,49
"2929",4,28,4,40
"2930",4,28,4,39
"2931",4,28,4,30
"2932",4,28,4,21
"2933",4,28,4,22
"2934",4,28,4,12
"2935",4,28,4,3
"2936",4,28,5,69
"2937",4,28,5,68
"2938",4,28,5,59
"2939",4,28,5,50
"2940",4,28,5,49
"2941",4,28,5,41
"2942",4,28,5,40
"2943",4,28,5,31
"2944",4,28,5,22
"2945",4,28,5,13
"2946",4,28,5,12
"2947",4,28,6,69
"2948",4,28,6,60
"2949",4,28,6,59
"2950",4,28,6,50
"2951",4,28,6,49
"2952",4,28,6,40
"2953",4,28,6,41
"2954",4,28,6,32
"2955",4,28,6,23
"2956",4,28,6,22
"2957",4,28,6,13
"2958",4,28,6,12
"2959",4,28,6,3
"2960",4,28,7,69
"2961",4,28,7,60
"2962",4,28,7,51
"2963",4,28,7,50
"2964",4,28,7,41
"2965",4,28,7,32
"2966",4,28,7,23
"2967",4,28,7,22
"2968",4,28,7,13
"2969",4,28,7,4
"2970",4,28,7,3
"2971",4,28,8,69
"2972",4,28,8,68
"2973",4,28,8,59
"2974",4,28,8,58
"2975",4,28,8,49
"2976",4,28,8,40
"2977",4,28,8,31
"2978",4,28,8,30
"2979",4,28,8,21
"2980",4,28,8,12
"2981",4,28,8,3
"2982",4,28,9,69
"2983",4,28,9,68
"2984",4,28,9,59
"2985",4,28,9,50
"2986",4,28,9,49
"2987",4,28,9,40
"2988",4,28,9,31
"2989",4,28,9,22
"2990",4,28,9,13
"2991",4,28,9,12
"2992",4,28,9,3
"2993",4,28,10,69
"2994",4,28,10,68
"2995",4,28,10,59
"2996",4,28,10,58
"2997",4,28,10,49
"2998",4,28,10,40
"2999",4,28,10,31
"3000",4,28,10,22
"3001",4,28,10,21
"3002",4,28,10,12
"3003",4,28,10,3
"3004",4,28,11,69
"3005",4,28,11,60
"3006",4,28,11,59
"3007",4,28,11,50
"3008",4,28,11,49
"3009",4,28,11,40
"3010",4,28,11,31
"3011",4,28,11,22
"3012",4,28,11,13
"3013",4,28,11,12
"3014",4,28,11,3
"3015",4,28,12,69
"3016",4,28,12,60
"3017",4,28,12,51
"3018",4,28,12,50
"3019",4,28,12,41
"3020",4,28,12,32
"3021",4,28,12,31
"3022",4,28,12,22
"3023",4,28,12,13
"3024",4,28,12,12
"3025",4,28,12,3
"3026",4,29,1,69
"3027",4,29,1,68
"3028",4,29,1,59
"3029",4,29,1,50
"3030",4,29,1,49
"3031",4,29,1,40
"3032",4,29,1,31
"3033",4,29,1,30
"3034",4,29,1,21
"3035",4,29,1,12
"3036",4,29,1,3
"3037",4,29,2,69
"3038",4,29,2,68
"3039",4,29,2,59
"3040",4,29,2,58
"3041",4,29,2,49
"3042",4,29,2,40
"3043",4,29,2,39
"3044",4,29,2,31
"3045",4,29,2,30
"3046",4,29,2,21
"3047",4,29,2,12
"3048",4,29,2,3
"3049",4,29,3,69
"3050",4,29,3,68
"3051",4,29,3,59
"3052",4,29,3,58
"3053",4,29,3,49
"3054",4,29,3,40
"3055",4,29,3,31
"3056",4,29,3,30
"3057",4,29,3,22
"3058",4,29,3,21
"3059",4,29,3,12
"3060",4,29,3,3
"3061",4,29,5,69
"3062",4,29,5,68
"3063",4,29,5,59
"3064",4,29,5,50
"3065",4,29,5,49
"3066",4,29,5,40
"3067",4,29,5,31
"3068",4,29,5,30
"3069",4,29,5,21
"3070",4,29,5,22
"3071",4,29,5,12
"3072",4,29,5,3
"3073",4,29,5,2
"3074",4,29,6,69
"3075",4,29,6,68
"3076",4,29,6,59
"3077",4,29,6,58
"3078",4,29,6,49
"3079",4,29,6,48
"3080",4,29,6,39
"3081",4,29,6,30
"3082",4,29,6,21
"3083",4,29,6,12
"3084",4,29,6,3
"3085",4,29,7,69
"3086",4,29,7,68
"3087",4,29,7,59
"3088",4,29,7,58
"3089",4,29,7,49
"3090",4,29,7,40
"3091",4,29,7,31
"3092",4,29,7,30
"3093",4,29,7,21
"3094",4,29,7,12
"3095",4,29,7,3
"3096",4,29,8,69
"3097",4,29,8,68
"3098",4,29,8,59
"3099",4,29,8,58
"3100",4,29,8,49
"3101",4,29,8,40
"3102",4,29,8,31
"3103",4,29,8,30
"3104",4,29,8,21
"3105",4,29,8,12
"3106",4,29,8,3
"3107",4,29,9,69
"3108",4,29,9,68
"3109",4,29,9,59
"3110",4,29,9,58
"3111",4,29,9,49
"3112",4,29,9,40
"3113",4,29,9,31
"3114",4,29,9,30
"3115",4,29,9,21
"3116",4,29,9,12
"3117",4,29,9,3
"3118",4,29,11,69
"3119",4,29,11,68
"3120",4,29,11,59
"3121",4,29,11,58
"3122",4,29,11,49
"3123",4,29,11,40
"3124",4,29,11,31
"3125",4,29,11,30
"3126",4,29,11,21
"3127",4,29,11,12
"3128",4,29,11,3
"3129",4,29,12,69
"3130",4,29,12,68
"3131",4,29,12,59
"3132",4,29,12,50
"3133",4,29,12,49
"3134",4,29,12,40
"3135",4,29,12,31
"3136",4,29,12,22
"3137",4,29,12,21
"3138",4,29,12,13
"3139",4,29,12,12
"3140",4,29,12,3
"3141",4,30,1,69
"3142",4,30,1,60
"3143",4,30,1,59
"3144",4,30,1,50
"3145",4,30,1,41
"3146",4,30,1,40
"3147",4,30,1,32
"3148",4,30,1,31
"3149",4,30,1,22
"3150",4,30,1,21
"3151",4,30,1,12
"3152",4,30,1,3
"3153",4,30,2,69
"3154",4,30,2,68
"3155",4,30,2,59
"3156",4,30,2,50
"3157",4,30,2,49
"3158",4,30,2,40
"3159",4,30,2,31
"3160",4,30,2,22
"3161",4,30,2,21
"3162",4,30,2,12
"3163",4,30,2,3
"3164",4,30,3,69
"3165",4,30,3,68
"3166",4,30,3,59
"3167",4,30,3,50
"3168",4,30,3,41
"3169",4,30,3,32
"3170",4,30,3,31
"3171",4,30,3,22
"3172",4,30,3,21
"3173",4,30,3,12
"3174",4,30,3,3
"3175",4,30,4,69
"3176",4,30,4,68
"3177",4,30,4,59
"3178",4,30,4,50
"3179",4,30,4,41
"3180",4,30,4,40
"3181",4,30,4,31
"3182",4,30,4,22
"3183",4,30,4,21
"3184",4,30,4,12
"3185",4,30,4,3
"3186",4,30,5,69
"3187",4,30,5,60
"3188",4,30,5,59
"3189",4,30,5,50
"3190",4,30,5,41
"3191",4,30,5,40
"3192",4,30,5,31
"3193",4,30,5,22
"3194",4,30,5,21
"3195",4,30,5,12
"3196",4,30,5,3
"3197",4,30,6,69
"3198",4,30,6,60
"3199",4,30,6,59
"3200",4,30,6,50
"3201",4,30,6,41
"3202",4,30,6,32
"3203",4,30,6,31
"3204",4,30,6,22
"3205",4,30,6,13
"3206",4,30,6,12
"3207",4,30,6,3
"3208",4,30,7,69
"3209",4,30,7,60
"3210",4,30,7,51
"3211",4,30,7,50
"3212",4,30,7,41
"3213",4,30,7,32
"3214",4,30,7,31
"3215",4,30,7,22
"3216",4,30,7,21
"3217",4,30,7,12
"3218",4,30,7,3
"3219",4,30,8,69
"3220",4,30,8,60
"3221",4,30,8,59
"3222",4,30,8,50
"3223",4,30,8,41
"3224",4,30,8,40
"3225",4,30,8,31
"3226",4,30,8,32
"3227",4,30,8,22
"3228",4,30,8,13
"3229",4,30,8,12
"3230",4,30,8,3
"3231",4,30,9,69
"3232",4,30,9,68
"3233",4,30,9,59
"3234",4,30,9,50
"3235",4,30,9,41
"3236",4,30,9,40
"3237",4,30,9,31
"3238",4,30,9,22
"3239",4,30,9,21
"3240",4,30,9,12
"3241",4,30,9,3
"3242",4,30,10,69
"3243",4,30,10,68
"3244",4,30,10,59
"3245",4,30,10,50
"3246",4,30,10,41
"3247",4,30,10,32
"3248",4,30,10,31
"3249",4,30,10,22
"3250",4,30,10,12
"3251",4,30,10,3
"3252",4,30,11,69
"3253",4,30,11,68
"3254",4,30,11,59
"3255",4,30,11,50
"3256",4,30,11,41
"3257",4,30,11,40
"3258",4,30,11,32
"3259",4,30,11,31
"3260",4,30,11,22
"3261",4,30,11,21
"3262",4,30,11,12
"3263",4,30,11,3
"3264",4,30,12,69
"3265",4,30,12,68
"3266",4,30,12,59
"3267",4,30,12,50
"3268",4,30,12,41
"3269",4,30,12,32
"3270",4,30,12,31
"3271",4,30,12,22
"3272",4,30,12,13
"3273",4,30,12,12
"3274",4,30,12,3
"3275",5,31,2,69
"3276",5,31,2,68
"3277",5,31,2,59
"3278",5,31,2,50
"3279",5,31,2,41
"3280",5,31,2,40
"3281",5,31,2,31
"3282",5,31,2,22
"3283",5,31,2,21
"3284",5,31,2,12
"3285",5,31,2,13
"3286",5,31,2,3
"3287",5,31,3,69
"3288",5,31,3,60
"3289",5,31,3,59
"3290",5,31,3,50
"3291",5,31,3,49
"3292",5,31,3,40
"3293",5,31,3,31
"3294",5,31,3,22
"3295",5,31,3,21
"3296",5,31,3,12
"3297",5,31,3,3
"3298",5,31,4,69
"3299",5,31,4,68
"3300",5,31,4,59
"3301",5,31,4,60
"3302",5,31,4,51
"3303",5,31,4,50
"3304",5,31,4,49
"3305",5,31,4,40
"3306",5,31,4,31
"3307",5,31,4,22
"3308",5,31,4,13
"3309",5,31,4,12
"3310",5,31,4,3
"3311",5,31,6,69
"3312",5,31,6,68
"3313",5,31,6,59
"3314",5,31,6,58
"3315",5,31,6,49
"3316",5,31,6,40
"3317",5,31,6,31
"3318",5,31,6,22
"3319",5,31,6,21
"3320",5,31,6,12
"3321",5,31,6,3
"3322",5,31,7,69
"3323",5,31,7,60
"3324",5,31,7,51
"3325",5,31,7,50
"3326",5,31,7,41
"3327",5,31,7,40
"3328",5,31,7,32
"3329",5,31,7,31
"3330",5,31,7,22
"3331",5,31,7,21
"3332",5,31,7,12
"3333",5,31,7,3
"3334",5,31,9,69
"3335",5,31,9,68
"3336",5,31,9,59
"3337",5,31,9,58
"3338",5,31,9,49
"3339",5,31,9,50
"3340",5,31,9,41
"3341",5,31,9,40
"3342",5,31,9,31
"3343",5,31,9,22
"3344",5,31,9,12
"3345",5,31,9,13
"3346",5,31,9,3
"3347",5,31,9,4
"3348",5,31,10,69
"3349",5,31,10,68
"3350",5,31,10,59
"3351",5,31,10,50
"3352",5,31,10,49
"3353",5,31,10,40
"3354",5,31,10,31
"3355",5,31,10,22
"3356",5,31,10,13
"3357",5,31,10,12
"3358",5,31,10,3
"3359",5,31,11,69
"3360",5,31,11,60
"3361",5,31,11,59
"3362",5,31,11,50
"3363",5,31,11,49
"3364",5,31,11,40
"3365",5,31,11,31
"3366",5,31,11,22
"3367",5,31,11,21
"3368",5,31,11,12
"3369",5,31,11,3
"3370",5,31,12,69
"3371",5,31,12,60
"3372",5,31,12,59
"3373",5,31,12,50
"3374",5,31,12,41
"3375",5,31,12,40
"3376",5,31,12,32
"3377",5,31,12,31
"3378",5,31,12,22
"3379",5,31,12,21
"3380",5,31,12,12
"3381",5,31,12,3
"3382",5,32,3,69
"3383",5,32,3,68
"3384",5,32,3,59
"3385",5,32,3,58
"3386",5,32,3,49
"3387",5,32,3,40
"3388",5,32,3,31
"3389",5,32,3,30
"3390",5,32,3,21
"3391",5,32,3,22
"3392",5,32,3,13
"3393",5,32,3,12
"3394",5,32,3,3
"3395",5,32,4,69
"3396",5,32,4,68
"3397",5,32,4,59
"3398",5,32,4,58
"3399",5,32,4,49
"3400",5,32,4,40
"3401",5,32,4,31
"3402",5,32,4,30
"3403",5,32,4,22
"3404",5,32,4,21
"3405",5,32,4,12
"3406",5,32,5,69
"3407",5,32,5,68
"3408",5,32,5,59
"3409",5,32,5,58
"3410",5,32,5,49
"3411",5,32,5,48
"3412",5,32,5,39
"3413",5,32,5,30
"3414",5,32,5,31
"3415",5,32,5,22
"3416",5,32,5,21
"3417",5,32,5,12
"3418",5,32,5,3
"3419",5,32,6,69
"3420",5,32,6,68
"3421",5,32,6,59
"3422",5,32,6,58
"3423",5,32,6,49
"3424",5,32,6,40
"3425",5,32,6,31
"3426",5,32,6,22
"3427",5,32,6,13
"3428",5,32,6,12
"3429",5,32,6,3
"3430",5,32,7,69
"3431",5,32,7,68
"3432",5,32,7,59
"3433",5,32,7,58
"3434",5,32,7,49
"3435",5,32,7,40
"3436",5,32,7,31
"3437",5,32,7,30
"3438",5,32,7,21
"3439",5,32,7,12
"3440",5,32,7,3
"3441",5,32,8,69
"3442",5,32,8,68
"3443",5,32,8,59
"3444",5,32,8,58
"3445",5,32,8,49
"3446",5,32,8,40
"3447",5,32,8,31
"3448",5,32,8,30
"3449",5,32,8,21
"3450",5,32,8,12
"3451",5,32,8,3
"3452",5,32,9,69
"3453",5,32,9,68
"3454",5,32,9,59
"3455",5,32,9,58
"3456",5,32,9,49
"3457",5,32,9,40
"3458",5,32,9,31
"3459",5,32,9,30
"3460",5,32,9,22
"3461",5,32,9,13
"3462",5,32,9,12
"3463",5,32,9,3
"3464",5,32,10,69
"3465",5,32,10,68
"3466",5,32,10,59
"3467",5,32,10,58
"3468",5,32,10,49
"3469",5,32,10,40
"3470",5,32,10,31
"3471",5,32,10,30
"3472",5,32,10,22
"3473",5,32,10,21
"3474",5,32,10,12
"3475",5,32,10,3
"3476",5,32,11,69
"3477",5,32,11,68
"3478",5,32,11,59
"3479",5,32,11,58
"3480",5,32,11,49
"3481",5,32,11,40
"3482",5,32,11,31
"3483",5,32,11,22
"3484",5,32,11,21
"3485",5,32,11,12
"3486",5,32,11,3
"3487",5,32,12,69
"3488",5,32,12,68
"3489",5,32,12,59
"3490",5,32,12,58
"3491",5,32,12,49
"3492",5,32,12,40
"3493",5,32,12,31
"3494",5,32,12,22
"3495",5,32,12,13
"3496",5,32,12,12
"3497",5,32,12,3
"3498",5,33,3,69
"3499",5,33,3,68
"3500",5,33,3,67
"3501",5,33,3,58
"3502",5,33,3,49
"3503",5,33,3,40
"3504",5,33,3,39
"3505",5,33,3,30
"3506",5,33,3,21
"3507",5,33,3,12
"3508",5,33,3,11
"3509",5,33,3,2
"3510",5,33,3,3
"3511",5,33,5,69
"3512",5,33,5,68
"3513",5,33,5,67
"3514",5,33,5,58
"3515",5,33,5,49
"3516",5,33,5,40
"3517",5,33,5,31
"3518",5,33,5,30
"3519",5,33,5,21
"3520",5,33,5,20
"3521",5,33,5,11
"3522",5,33,5,2
"3523",5,33,6,69
"3524",5,33,6,68
"3525",5,33,6,59
"3526",5,33,6,58
"3527",5,33,6,49
"3528",5,33,6,48
"3529",5,33,6,39
"3530",5,33,6,30
"3531",5,33,6,21
"3532",5,33,6,12
"3533",5,33,6,3
"3534",5,33,7,69
"3535",5,33,7,68
"3536",5,33,7,59
"3537",5,33,7,58
"3538",5,33,7,49
"3539",5,33,7,40
"3540",5,33,7,31
"3541",5,33,7,30
"3542",5,33,7,21
"3543",5,33,7,12
"3544",5,34,5,69
"3545",5,34,5,68
"3546",5,34,5,59
"3547",5,34,5,60
"3548",5,34,5,51
"3549",5,34,5,50
"3550",5,34,5,41
"3551",5,34,5,40
"3552",5,34,5,32
"3553",5,34,5,31
"3554",5,34,5,22
"3555",5,34,5,21
"3556",5,34,5,13
"3557",5,34,5,12
"3558",5,34,5,3
"3559",5,34,6,69
"3560",5,34,6,60
"3561",5,34,6,51
"3562",5,34,6,42
"3563",5,34,6,33
"3564",5,34,6,32
"3565",5,34,6,31
"3566",5,34,6,30
"3567",5,34,6,21
"3568",5,34,6,12
"3569",5,34,6,3
"3570",5,34,7,69
"3571",5,34,7,60
"3572",5,34,7,51
"3573",5,34,7,42
"3574",5,34,7,41
"3575",5,34,7,32
"3576",5,34,7,31
"3577",5,34,7,22
"3578",5,34,7,21
"3579",5,34,7,12
"3580",5,34,7,3
"3581",5,34,7,2
"3582",5,34,9,69
"3583",5,34,9,60
"3584",5,34,9,59
"3585",5,34,9,50
"3586",5,34,9,49
"3587",5,34,9,40
"3588",5,34,9,39
"3589",5,34,9,30
"3590",5,34,9,31
"3591",5,34,9,21
"3592",5,34,9,12
"3593",5,34,9,3
"3594",5,34,11,69
"3595",5,34,11,68
"3596",5,34,11,59
"3597",5,34,11,60
"3598",5,34,11,50
"3599",5,34,11,41
"3600",5,34,11,40
"3601",5,34,11,31
"3602",5,34,11,30
"3603",5,34,11,21
"3604",5,34,11,12
"3605",5,34,11,3
"3606",5,34,12,69
"3607",5,34,12,60
"3608",5,34,12,59
"3609",5,34,12,50
"3610",5,34,12,41
"3611",5,34,12,40
"3612",5,34,12,31
"3613",5,34,12,30
"3614",5,34,12,21
"3615",5,34,12,12
"3616",5,34,12,3
"3617",5,35,3,69
"3618",5,35,3,70
"3619",5,35,3,61
"3620",5,35,3,60
"3621",5,35,3,68
"3622",5,35,3,59
"3623",5,35,3,50
"3624",5,35,3,49
"3625",5,35,3,41
"3626",5,35,3,32
"3627",5,35,3,31
"3628",5,35,3,22
"3629",5,35,3,21
"3630",5,35,3,12
"3631",5,35,3,3
"3632",5,35,6,69
"3633",5,35,6,70
"3634",5,35,6,68
"3635",5,35,6,59
"3636",5,35,6,58
"3637",5,35,6,49
"3638",5,35,6,48
"3639",5,35,6,39
"3640",5,35,6,30
"3641",5,35,6,21
"3642",5,35,6,22
"3643",5,35,6,13
"3644",5,35,6,12
"3645",5,35,6,3
"3646",5,35,7,69
"3647",5,35,7,68
"3648",5,35,7,59
"3649",5,35,7,58
"3650",5,35,7,49
"3651",5,35,7,40
"3652",5,35,7,41
"3653",5,35,7,32
"3654",5,35,7,31
"3655",5,35,7,30
"3656",5,35,7,21
"3657",5,35,7,12
"3658",5,35,7,11
"3659",5,35,7,2
"3660",5,35,7,3
"3661",5,35,8,69
"3662",5,35,8,68
"3663",5,35,8,59
"3664",5,35,8,58
"3665",5,35,8,49
"3666",5,35,8,40
"3667",5,35,8,39
"3668",5,35,8,30
"3669",5,35,8,21
"3670",5,35,8,12
"3671",5,35,8,11
"3672",5,35,8,2
"3673",5,35,8,3
"3674",5,35,9,69
"3675",5,35,9,68
"3676",5,35,9,59
"3677",5,35,9,58
"3678",5,35,9,49
"3679",5,35,9,48
"3680",5,35,9,39
"3681",5,35,9,30
"3682",5,35,9,21
"3683",5,35,9,12
"3684",5,35,9,3
"3685",5,35,10,69
"3686",5,35,10,68
"3687",5,35,10,59
"3688",5,35,10,58
"3689",5,35,10,49
"3690",5,35,10,48
"3691",5,35,10,39
"3692",5,35,10,30
"3693",5,35,10,21
"3694",5,35,10,12
"3695",5,35,10,3
"3696",5,35,11,69
"3697",5,35,11,68
"3698",5,35,11,67
"3699",5,35,11,58
"3700",5,35,11,49
"3701",5,35,11,40
"3702",5,35,11,31
"3703",5,35,11,30
"3704",5,35,11,21
"3705",5,35,11,12
"3706",5,35,11,3
"3707",5,35,12,69
"3708",5,35,12,68
"3709",5,35,12,67
"3710",5,35,12,58
"3711",5,35,12,49
"3712",5,35,12,40
"3713",5,35,12,31
"3714",5,35,12,22
"3715",5,35,12,21
"3716",5,35,12,12
"3717",5,35,12,3
"3718",5,36,2,69
"3719",5,36,2,60
"3720",5,36,2,59
"3721",5,36,2,50
"3722",5,36,2,49
"3723",5,36,2,40
"3724",5,36,2,41
"3725",5,36,2,31
"3726",5,36,2,30
"3727",5,36,2,21
"3728",5,36,2,12
"3729",5,36,2,3
"3730",5,36,4,69
"3731",5,36,4,60
"3732",5,36,4,59
"3733",5,36,4,68
"3734",5,36,4,58
"3735",5,36,4,49
"3736",5,36,4,40
"3737",5,36,4,31
"3738",5,36,4,30
"3739",5,36,4,21
"3740",5,36,4,12
"3741",5,36,4,3
"3742",5,36,5,69
"3743",5,36,5,68
"3744",5,36,5,59
"3745",5,36,5,58
"3746",5,36,5,50
"3747",5,36,5,49
"3748",5,36,5,40
"3749",5,36,5,31
"3750",5,36,5,22
"3751",5,36,5,21
"3752",5,36,5,12
"3753",5,36,5,13
"3754",5,36,5,3
"3755",5,36,6,69
"3756",5,36,6,68
"3757",5,36,6,59
"3758",5,36,6,50
"3759",5,36,6,49
"3760",5,36,6,40
"3761",5,36,6,31
"3762",5,36,6,30
"3763",5,36,6,22
"3764",5,36,6,21
"3765",5,36,6,12
"3766",5,36,6,3
"3767",5,36,7,69
"3768",5,36,7,68
"3769",5,36,7,59
"3770",5,36,7,58
"3771",5,36,7,49
"3772",5,36,7,40
"3773",5,36,7,31
"3774",5,36,7,30
"3775",5,36,7,21
"3776",5,36,7,22
"3777",5,36,7,12
"3778",5,36,7,13
"3779",5,36,7,3
"3780",5,36,9,69
"3781",5,36,9,68
"3782",5,36,9,59
"3783",5,36,9,58
"3784",5,36,9,49
"3785",5,36,9,40
"3786",5,36,9,31
"3787",5,36,9,30
"3788",5,36,9,21
"3789",5,36,9,22
"3790",5,36,9,12
"3791",5,36,9,3
"3792",5,36,10,69
"3793",5,36,10,68
"3794",5,36,10,59
"3795",5,36,10,58
"3796",5,36,10,49
"3797",5,36,10,40
"3798",5,36,10,31
"3799",5,36,10,30
"3800",5,36,10,21
"3801",5,36,10,12
"3802",5,36,10,3
"3803",5,36,11,69
"3804",5,36,11,68
"3805",5,36,11,59
"3806",5,36,11,58
"3807",5,36,11,49
"3808",5,36,11,40
"3809",5,36,11,31
"3810",5,36,11,30
"3811",5,36,11,21
"3812",5,36,11,22
"3813",5,36,11,12
"3814",5,36,11,3
"3815",5,36,12,69
"3816",5,36,12,68
"3817",5,36,12,59
"3818",5,36,12,58
"3819",5,36,12,49
"3820",5,36,12,40
"3821",5,36,12,31
"3822",5,36,12,22
"3823",5,36,12,21
"3824",5,36,12,12
"3825",5,36,12,3
"3826",5,37,2,69
"3827",5,37,2,68
"3828",5,37,2,59
"3829",5,37,2,50
"3830",5,37,2,49
"3831",5,37,2,40
"3832",5,37,2,31
"3833",5,37,2,30
"3834",5,37,2,21
"3835",5,37,2,22
"3836",5,37,2,13
"3837",5,37,2,12
"3838",5,37,2,3
"3839",5,37,3,69
"3840",5,37,3,68
"3841",5,37,3,59
"3842",5,37,3,58
"3843",5,37,3,49
"3844",5,37,3,40
"3845",5,37,3,31
"3846",5,37,3,22
"3847",5,37,3,21
"3848",5,37,3,12
"3849",5,37,3,3
"3850",5,37,4,69
"3851",5,37,4,68
"3852",5,37,4,59
"3853",5,37,4,58
"3854",5,37,4,49
"3855",5,37,4,40
"3856",5,37,4,31
"3857",5,37,4,22
"3858",5,37,4,21
"3859",5,37,4,13
"3860",5,37,4,12
"3861",5,37,4,3
"3862",5,37,5,69
"3863",5,37,5,68
"3864",5,37,5,59
"3865",5,37,5,58
"3866",5,37,5,49
"3867",5,37,5,40
"3868",5,37,5,31
"3869",5,37,5,22
"3870",5,37,5,21
"3871",5,37,5,12
"3872",5,37,5,3
"3873",5,37,6,69
"3874",5,37,6,68
"3875",5,37,6,59
"3876",5,37,6,58
"3877",5,37,6,49
"3878",5,37,6,40
"3879",5,37,6,31
"3880",5,37,6,22
"3881",5,37,6,13
"3882",5,37,6,12
"3883",5,37,6,3
"3884",5,37,7,69
"3885",5,37,7,68
"3886",5,37,7,59
"3887",5,37,7,58
"3888",5,37,7,49
"3889",5,37,7,40
"3890",5,37,7,39
"3891",5,37,7,30
"3892",5,37,7,21
"3893",5,37,7,12
"3894",5,37,7,3
"3895",5,37,8,69
"3896",5,37,8,68
"3897",5,37,8,67
"3898",5,37,8,58
"3899",5,37,8,49
"3900",5,37,8,48
"3901",5,37,8,39
"3902",5,37,8,30
"3903",5,37,8,21
"3904",5,37,8,12
"3905",5,37,8,3
"3906",5,37,9,69
"3907",5,37,9,68
"3908",5,37,9,59
"3909",5,37,9,58
"3910",5,37,9,49
"3911",5,37,9,40
"3912",5,37,9,31
"3913",5,37,9,22
"3914",5,37,9,13
"3915",5,37,9,12
"3916",5,37,9,3
"3917",5,37,10,69
"3918",5,37,10,68
"3919",5,37,10,59
"3920",5,37,10,58
"3921",5,37,10,49
"3922",5,37,10,40
"3923",5,37,10,31
"3924",5,37,10,22
"3925",5,37,10,21
"3926",5,37,10,12
"3927",5,37,10,3
"3928",5,37,11,69
"3929",5,37,11,68
"3930",5,37,11,59
"3931",5,37,11,58
"3932",5,37,11,49
"3933",5,37,11,40
"3934",5,37,11,31
"3935",5,37,11,22
"3936",5,37,11,21
"3937",5,37,11,12
"3938",5,37,11,3
"3939",5,37,12,69
"3940",5,37,12,68
"3941",5,37,12,59
"3942",5,37,12,58
"3943",5,37,12,49
"3944",5,37,12,40
"3945",5,37,12,31
"3946",5,37,12,30
"3947",5,37,12,21
"3948",5,37,12,12
"3949",5,37,12,3
"3950",5,38,1,69
"3951",5,38,1,68
"3952",5,38,1,59
"3953",5,38,1,50
"3954",5,38,1,41
"3955",5,38,1,40
"3956",5,38,1,32
"3957",5,38,1,31
"3958",5,38,1,22
"3959",5,38,1,13
"3960",5,38,1,12
"3961",5,38,1,3
"3962",5,38,2,69
"3963",5,38,2,60
"3964",5,38,2,59
"3965",5,38,2,50
"3966",5,38,2,41
"3967",5,38,2,40
"3968",5,38,2,31
"3969",5,38,2,32
"3970",5,38,2,22
"3971",5,38,2,13
"3972",5,38,2,12
"3973",5,38,2,3
"3974",5,38,3,69
"3975",5,38,3,68
"3976",5,38,3,59
"3977",5,38,3,50
"3978",5,38,3,49
"3979",5,38,3,40
"3980",5,38,3,31
"3981",5,38,3,22
"3982",5,38,3,21
"3983",5,38,3,12
"3984",5,38,3,3
"3985",5,38,4,69
"3986",5,38,4,68
"3987",5,38,4,59
"3988",5,38,4,58
"3989",5,38,4,49
"3990",5,38,4,50
"3991",5,38,4,41
"3992",5,38,4,40
"3993",5,38,4,31
"3994",5,38,4,22
"3995",5,38,4,13
"3996",5,38,4,12
"3997",5,38,4,3
"3998",5,38,5,69
"3999",5,38,5,68
"4000",5,38,5,59
"4001",5,38,5,50
"4002",5,38,5,41
"4003",5,38,5,40
"4004",5,38,5,31
"4005",5,38,5,22
"4006",5,38,5,13
"4007",5,38,5,12
"4008",5,38,5,3
"4009",5,38,6,69
"4010",5,38,6,68
"4011",5,38,6,59
"4012",5,38,6,50
"4013",5,38,6,41
"4014",5,38,6,40
"4015",5,38,6,31
"4016",5,38,6,22
"4017",5,38,6,13
"4018",5,38,6,12
"4019",5,38,6,3
"4020",5,38,7,69
"4021",5,38,7,68
"4022",5,38,7,59
"4023",5,38,7,50
"4024",5,38,7,49
"4025",5,38,7,40
"4026",5,38,7,31
"4027",5,38,7,30
"4028",5,38,7,21
"4029",5,38,7,12
"4030",5,38,7,3
"4031",5,38,8,69
"4032",5,38,8,68
"4033",5,38,8,59
"4034",5,38,8,50
"4035",5,38,8,49
"4036",5,38,8,40
"4037",5,38,8,31
"4038",5,38,8,22
"4039",5,38,8,21
"4040",5,38,8,12
"4041",5,38,8,3
"4042",5,38,9,69
"4043",5,38,9,68
"4044",5,38,9,59
"4045",5,38,9,58
"4046",5,38,9,49
"4047",5,38,9,40
"4048",5,38,9,31
"4049",5,38,9,22
"4050",5,38,9,13
"4051",5,38,9,12
"4052",5,38,9,3
"4053",5,38,10,69
"4054",5,38,10,68
"4055",5,38,10,59
"4056",5,38,10,50
"4057",5,38,10,49
"4058",5,38,10,40
"4059",5,38,10,31
"4060",5,38,10,30
"4061",5,38,10,22
"4062",5,38,10,13
"4063",5,38,10,12
"4064",5,38,10,3
"4065",5,38,11,69
"4066",5,38,11,60
"4067",5,38,11,59
"4068",5,38,11,50
"4069",5,38,11,49
"4070",5,38,11,40
"4071",5,38,11,31
"4072",5,38,11,30
"4073",5,38,11,21
"4074",5,38,11,22
"4075",5,38,11,13
"4076",5,38,11,12
"4077",5,38,11,3
"4078",5,38,12,69
"4079",5,38,12,68
"4080",5,38,12,59
"4081",5,38,12,50
"4082",5,38,12,49
"4083",5,38,12,40
"4084",5,38,12,31
"4085",5,38,12,22
"4086",5,38,12,21
"4087",5,38,12,12
"4088",5,38,12,3
